Kind,Name,File,AvgCyclomatic,AvgCyclomaticModified,AvgCyclomaticStrict,AvgEssential,AvgLine,AvgLineBlank,AvgLineCode,AvgLineComment,CountClassBase,CountClassCoupled,CountClassDerived,CountDeclClass,CountDeclClassMethod,CountDeclClassVariable,CountDeclFile,CountDeclFunction,CountDeclInstanceMethod,CountDeclInstanceVariable,CountDeclMethod,CountDeclMethodAll,CountDeclMethodDefault,CountDeclMethodPrivate,CountDeclMethodProtected,CountDeclMethodPublic,CountInput,CountLine,CountLineBlank,CountLineCode,CountLineCodeDecl,CountLineCodeExe,CountLineComment,CountOutput,CountPath,CountSemicolon,CountStmt,CountStmtDecl,CountStmtExe,Cyclomatic,CyclomaticModified,CyclomaticStrict,Essential,MaxCyclomatic,MaxCyclomaticModified,MaxCyclomaticStrict,MaxEssential,MaxInheritanceTree,MaxNesting,PercentLackOfCohesion,RatioCommentToCode,SumCyclomatic,SumCyclomaticModified,SumCyclomaticStrict,SumEssential
Public Implicit Method,"clone()",,,,,,,,,,,,,,,,,,,,,,,,,,,,,,,,,,,,,,,,,,,,,,,,,,0,00,0,0,0,0
File,"main/java/org/apache/commons/csv/Assertions.java",main/java/org/apache/commons/csv/Assertions.java,1,1,1,1,4,0,3,0,,,,1,1,0,,2,1,0,2,,0,1,0,1,,36,4,10,4,2,22,,,2,6,4,2,,,,,2,2,2,1,,1,,2,20,3,3,3,2
File,"main/java/org/apache/commons/csv/CSVFormat.java",main/java/org/apache/commons/csv/CSVFormat.java,2,2,2,1,16,0,7,8,,,,1,3,6,,43,40,12,43,,0,4,0,39,,1009,61,382,94,214,573,,,154,246,84,170,,,,,25,25,25,25,,3,,1,50,100,100,108,67
File,"main/java/org/apache/commons/csv/CSVParser.java",main/java/org/apache/commons/csv/CSVParser.java,2,2,2,1,20,0,11,8,,,,2,3,0,,18,15,7,18,,1,3,0,14,,488,39,196,54,119,256,,,105,144,60,94,,,,,11,8,12,7,,4,,1,31,46,42,50,24
File,"main/java/org/apache/commons/csv/CSVPrinter.java",main/java/org/apache/commons/csv/CSVPrinter.java,4,3,5,2,28,1,15,12,,,,1,0,0,,15,15,3,15,,0,3,0,12,,494,39,241,51,156,215,,,116,179,55,136,,,,,18,15,27,12,,5,,0,89,63,59,76,30
File,"main/java/org/apache/commons/csv/CSVRecord.java",main/java/org/apache/commons/csv/CSVRecord.java,1,1,1,1,11,0,4,6,,,,1,0,2,,16,16,4,16,,3,1,0,12,,246,27,93,35,39,126,,,40,64,34,32,,,,,4,4,4,1,,2,,1,35,23,23,26,16
File,"main/java/org/apache/commons/csv/Constants.java",main/java/org/apache/commons/csv/Constants.java,0,0,0,0,0,0,0,0,,,,1,0,19,,0,0,0,0,,0,0,0,0,,75,15,22,21,19,38,,,20,21,21,1,,,,,0,0,0,0,,0,,1,73,0,0,0,0
File,"main/java/org/apache/commons/csv/ExtendedBufferedReader.java",main/java/org/apache/commons/csv/ExtendedBufferedReader.java,2,2,2,1,13,1,7,5,,,,1,0,0,,9,9,3,9,,4,0,0,5,,178,26,83,30,42,72,,,42,62,27,39,,,,,9,9,9,1,,4,,0,87,20,20,25,9
File,"main/java/org/apache/commons/csv/Lexer.java",main/java/org/apache/commons/csv/Lexer.java,3,2,4,2,18,0,11,7,,,,1,0,1,,19,19,7,19,,14,4,0,1,,432,37,241,54,153,164,,,117,173,54,129,,,,,14,14,19,9,,5,,0,68,66,56,80,45
File,"main/java/org/apache/commons/csv/QuoteMode.java",main/java/org/apache/commons/csv/QuoteMode.java,0,0,0,0,0,0,0,0,,,,1,0,0,,0,2,4,2,,0,0,0,2,,48,5,7,6,0,36,,,1,2,2,0,,,,,0,0,0,0,,0,,5,14,0,0,0,0
File,"main/java/org/apache/commons/csv/Token.java",main/java/org/apache/commons/csv/Token.java,0,0,0,0,3,0,2,1,,,,2,0,1,,2,4,8,4,,1,0,0,3,,75,14,24,16,7,37,,,10,14,10,5,,,,,1,1,1,1,,0,,1,54,2,2,2,2
File,"main/java/org/apache/commons/csv/package-info.java",main/java/org/apache/commons/csv/package-info.java,0,0,0,0,0,0,0,0,,,,0,0,0,,0,0,0,0,,0,0,0,0,,82,2,1,1,0,79,,,1,1,1,0,,,,,0,0,0,0,,0,,79,00,0,0,0,0
Package,"org",,0,0,0,0,0,0,0,0,,,,0,0,0,0,,0,0,0,,0,0,0,0,,0,0,0,0,0,0,,,0,0,0,0,,,,,0,0,0,0,,0,,0,00,0,0,0,0
Package,"org.apache",,0,0,0,0,0,0,0,0,,,,0,0,0,0,,0,0,0,,0,0,0,0,,0,0,0,0,0,0,,,0,0,0,0,,,,,0,0,0,0,,0,,0,00,0,0,0,0
Package,"org.apache.commons",,0,0,0,0,0,0,0,0,,,,0,0,0,0,,0,0,0,,0,0,0,0,,0,0,0,0,0,0,,,0,0,0,0,,,,,0,0,0,0,,0,,0,00,0,0,0,0
Package,"org.apache.commons.csv",main/java/org/apache/commons/csv/Assertions.java,1,1,1,1,13,0,9,3,,,,32,27,41,24,,344,92,371,,24,39,3,305,,6669,697,4013,1549,2443,2075,,,2205,2873,1249,2003,,,,,25,25,27,25,,5,,0,52,668,638,718,441
Final Class,"org.apache.commons.csv.Assertions",main/java/org/apache/commons/csv/Assertions.java,1,1,1,1,4,0,3,0,1,2,0,,1,0,,,1,0,2,14,0,1,0,1,,17,2,9,3,2,6,,,1,5,3,2,,,,,2,2,2,1,1,1,0,0,67,3,3,3,2
Private Constructor,"org.apache.commons.csv.Assertions.Assertions()",main/java/org/apache/commons/csv/Assertions.java,,,,,,,,,,,,,,,,,,,,,,,,,0,3,0,2,1,0,1,1,1,0,1,1,0,1,1,1,1,,,,,,0,,0,50,1,1,1,1
Public Static Method,"org.apache.commons.csv.Assertions.notNull(Object,String)",main/java/org/apache/commons/csv/Assertions.java,,,,,,,,,,,,,,,,,,,,,,,,,9,5,0,5,1,2,0,1,2,1,3,1,2,2,2,2,1,,,,,,1,,0,00,2,2,2,1
Public Class,"org.apache.commons.csv.AssertionsTest",test/java/org/apache/commons/csv/AssertionsTest.java,1,1,1,1,4,0,4,0,1,5,0,,0,0,,,2,0,2,14,0,0,0,2,,15,2,10,5,2,3,,,2,5,3,2,,,,,1,1,1,1,1,0,0,0,30,2,2,2,2
Public Method,"org.apache.commons.csv.AssertionsTest.testNotNull()",test/java/org/apache/commons/csv/AssertionsTest.java,,,,,,,,,,,,,,,,,,,,,,,,,0,4,0,4,2,1,0,2,1,1,2,1,1,1,1,1,1,,,,,,0,,0,00,1,1,1,1
Public Method,"org.apache.commons.csv.AssertionsTest.testNotNullNull()",test/java/org/apache/commons/csv/AssertionsTest.java,,,,,,,,,,,,,,,,,,,,,,,,,0,4,0,4,2,1,0,1,1,1,2,1,1,1,1,1,1,,,,,,0,,0,00,1,1,1,1
Public Class,"org.apache.commons.csv.CSVFileParserTest",test/java/org/apache/commons/csv/CSVFileParserTest.java,4,4,4,1,22,0,21,1,1,21,0,,1,1,,,4,2,5,17,0,1,0,4,,132,10,112,39,78,12,,,64,91,40,72,,,,,9,9,9,1,1,3,50,0,11,23,23,24,5
Public Constructor,"org.apache.commons.csv.CSVFileParserTest.CSVFileParserTest(File)",test/java/org/apache/commons/csv/CSVFileParserTest.java,,,,,,,,,,,,,,,,,,,,,,,,,1,5,0,5,1,2,0,6,1,2,3,1,2,1,1,1,1,,,,,,0,,0,00,1,1,1,1
Public Static Method,"org.apache.commons.csv.CSVFileParserTest.generateData()",test/java/org/apache/commons/csv/CSVFileParserTest.java,,,,,,,,,,,,,,,,,,,,,,,,,1,16,1,15,6,8,0,4,2,6,10,6,7,2,2,2,1,,,,,,1,,0,00,2,2,2,1
Anonymous Class,"org.apache.commons.csv.CSVFileParserTest.generateData.(Anon_1)",test/java/org/apache/commons/csv/CSVFileParserTest.java,1,1,2,1,3,0,3,0,2,2,0,,0,0,,,1,0,1,13,0,0,0,1,,4,0,4,1,3,0,,,1,2,1,1,,,,,1,1,2,1,1,0,0,0,00,1,1,2,1
Public Method,"org.apache.commons.csv.CSVFileParserTest.generateData.(Anon_1).accept(File,String)",test/java/org/apache/commons/csv/CSVFileParserTest.java,,,,,,,,,,,,,,,,,,,,,,,,,1,3,0,3,0,2,0,3,1,1,2,1,1,1,1,2,1,,,,,,0,,0,00,1,1,2,1
Private Method,"org.apache.commons.csv.CSVFileParserTest.readTestData()",test/java/org/apache/commons/csv/CSVFileParserTest.java,,,,,,,,,,,,,,,,,,,,,,,,,3,7,0,7,2,4,0,3,1,4,5,2,3,2,2,3,1,,,,,,1,,0,00,2,2,3,1
Public Method,"org.apache.commons.csv.CSVFileParserTest.testCSVFile()",test/java/org/apache/commons/csv/CSVFileParserTest.java,,,,,,,,,,,,,,,,,,,,,,,,,3,43,1,39,12,31,4,24,24,24,34,13,29,9,9,9,1,,,,,,3,,0,10,9,9,9,1
Public Method,"org.apache.commons.csv.CSVFileParserTest.testCSVUrl()",test/java/org/apache/commons/csv/CSVFileParserTest.java,,,,,,,,,,,,,,,,,,,,,,,,,2,43,1,40,13,32,3,24,24,25,35,14,30,9,9,9,1,,,,,,3,,0,07,9,9,9,1
Public Final Class,"org.apache.commons.csv.CSVFormat",main/java/org/apache/commons/csv/CSVFormat.java,2,2,2,1,16,0,7,8,2,18,0,,3,6,,,40,12,43,55,0,4,0,39,,974,57,367,79,214,557,,,139,231,69,170,,,,,25,25,25,25,1,3,62,1,52,100,100,108,67
Private Constructor,"org.apache.commons.csv.CSVFormat.CSVFormat(char,Character,QuoteMode,Character,Character,boolean,boolean,String,String,String[],boolean,boolean)",main/java/org/apache/commons/csv/CSVFormat.java,,,,,,,,,,,,,,,,,,,,,,,,,25,61,0,34,7,23,27,20,8,17,23,3,21,5,5,5,1,,,,,,3,,0,79,5,5,5,1
Public Method,"org.apache.commons.csv.CSVFormat.equals(Object)",main/java/org/apache/commons/csv/CSVFormat.java,,,,,,,,,,,,,,,,,,,,,,,,,13,68,1,67,3,45,0,5,163,21,46,2,44,25,25,25,25,,,,,,2,,0,00,25,25,25,25
Public Method,"org.apache.commons.csv.CSVFormat.format(Object...)",main/java/org/apache/commons/csv/CSVFormat.java,,,,,,,,,,,,,,,,,,,,,,,,,4,17,0,9,2,6,8,7,2,4,6,2,5,2,2,2,1,,,,,,1,,0,89,2,2,2,1
Public Method,"org.apache.commons.csv.CSVFormat.getAllowMissingColumnNames()",main/java/org/apache/commons/csv/CSVFormat.java,,,,,,,,,,,,,,,,,,,,,,,,,2,9,0,3,1,1,6,1,1,1,2,1,1,1,1,1,1,,,,,,0,,2,00,1,1,1,1
Public Method,"org.apache.commons.csv.CSVFormat.getCommentMarker()",main/java/org/apache/commons/csv/CSVFormat.java,,,,,,,,,,,,,,,,,,,,,,,,,6,8,0,3,1,1,5,1,1,1,2,1,1,1,1,1,1,,,,,,0,,1,67,1,1,1,1
Public Method,"org.apache.commons.csv.CSVFormat.getDelimiter()",main/java/org/apache/commons/csv/CSVFormat.java,,,,,,,,,,,,,,,,,,,,,,,,,9,8,0,3,1,1,5,1,1,1,2,1,1,1,1,1,1,,,,,,0,,1,67,1,1,1,1
Public Method,"org.apache.commons.csv.CSVFormat.getEscapeCharacter()",main/java/org/apache/commons/csv/CSVFormat.java,,,,,,,,,,,,,,,,,,,,,,,,,6,8,0,3,1,1,5,1,1,1,2,1,1,1,1,1,1,,,,,,0,,1,67,1,1,1,1
Public Method,"org.apache.commons.csv.CSVFormat.getHeader()",main/java/org/apache/commons/csv/CSVFormat.java,,,,,,,,,,,,,,,,,,,,,,,,,5,8,0,3,1,1,5,2,1,1,2,1,1,2,2,2,1,,,,,,0,,1,67,2,2,2,1
Public Method,"org.apache.commons.csv.CSVFormat.getIgnoreEmptyLines()",main/java/org/apache/commons/csv/CSVFormat.java,,,,,,,,,,,,,,,,,,,,,,,,,7,9,0,3,1,1,6,1,1,1,2,1,1,1,1,1,1,,,,,,0,,2,00,1,1,1,1
Public Method,"org.apache.commons.csv.CSVFormat.getIgnoreSurroundingSpaces()",main/java/org/apache/commons/csv/CSVFormat.java,,,,,,,,,,,,,,,,,,,,,,,,,5,9,0,3,1,1,6,1,1,1,2,1,1,1,1,1,1,,,,,,0,,2,00,1,1,1,1
Public Method,"org.apache.commons.csv.CSVFormat.getNullString()",main/java/org/apache/commons/csv/CSVFormat.java,,,,,,,,,,,,,,,,,,,,,,,,,4,16,0,3,1,1,13,1,1,1,2,1,1,1,1,1,1,,,,,,0,,4,33,1,1,1,1
Public Method,"org.apache.commons.csv.CSVFormat.getQuoteCharacter()",main/java/org/apache/commons/csv/CSVFormat.java,,,,,,,,,,,,,,,,,,,,,,,,,6,8,0,3,1,1,5,1,1,1,2,1,1,1,1,1,1,,,,,,0,,1,67,1,1,1,1
Public Method,"org.apache.commons.csv.CSVFormat.getQuoteMode()",main/java/org/apache/commons/csv/CSVFormat.java,,,,,,,,,,,,,,,,,,,,,,,,,4,8,0,3,1,1,5,1,1,1,2,1,1,1,1,1,1,,,,,,0,,1,67,1,1,1,1
Public Method,"org.apache.commons.csv.CSVFormat.getRecordSeparator()",main/java/org/apache/commons/csv/CSVFormat.java,,,,,,,,,,,,,,,,,,,,,,,,,9,8,0,3,1,1,5,1,1,1,2,1,1,1,1,1,1,,,,,,0,,1,67,1,1,1,1
Public Method,"org.apache.commons.csv.CSVFormat.getSkipHeaderRecord()",main/java/org/apache/commons/csv/CSVFormat.java,,,,,,,,,,,,,,,,,,,,,,,,,2,8,0,3,1,1,5,1,1,1,2,1,1,1,1,1,1,,,,,,0,,1,67,1,1,1,1
Public Method,"org.apache.commons.csv.CSVFormat.hashCode()",main/java/org/apache/commons/csv/CSVFormat.java,,,,,,,,,,,,,,,,,,,,,,,,,12,19,1,18,4,14,0,5,1,14,15,3,12,10,10,10,1,,,,,,0,,0,00,10,10,10,1
Public Method,"org.apache.commons.csv.CSVFormat.isCommentMarkerSet()",main/java/org/apache/commons/csv/CSVFormat.java,,,,,,,,,,,,,,,,,,,,,,,,,4,10,0,3,1,1,7,1,1,1,2,1,1,1,1,1,1,,,,,,0,,2,33,1,1,1,1
Public Method,"org.apache.commons.csv.CSVFormat.isEscapeCharacterSet()",main/java/org/apache/commons/csv/CSVFormat.java,,,,,,,,,,,,,,,,,,,,,,,,,5,8,0,3,1,1,5,1,1,1,2,1,1,1,1,1,1,,,,,,0,,1,67,1,1,1,1
Private Static Method,"org.apache.commons.csv.CSVFormat.isLineBreak(Character)",main/java/org/apache/commons/csv/CSVFormat.java,,,,,,,,,,,,,,,,,,,,,,,,,4,11,0,3,1,1,8,3,1,1,2,1,1,1,1,2,1,,,,,,0,,2,67,1,1,2,1
Private Static Method,"org.apache.commons.csv.CSVFormat.isLineBreak(char)",main/java/org/apache/commons/csv/CSVFormat.java,,,,,,,,,,,,,,,,,,,,,,,,,6,11,0,3,1,1,8,1,1,1,2,1,1,1,1,2,1,,,,,,0,,2,67,1,1,2,1
Public Method,"org.apache.commons.csv.CSVFormat.isNullStringSet()",main/java/org/apache/commons/csv/CSVFormat.java,,,,,,,,,,,,,,,,,,,,,,,,,2,8,0,3,1,1,5,1,1,1,2,1,1,1,1,1,1,,,,,,0,,1,67,1,1,1,1
Public Method,"org.apache.commons.csv.CSVFormat.isQuoteCharacterSet()",main/java/org/apache/commons/csv/CSVFormat.java,,,,,,,,,,,,,,,,,,,,,,,,,3,8,0,3,1,1,5,1,1,1,2,1,1,1,1,1,1,,,,,,0,,1,67,1,1,1,1
Public Static Method,"org.apache.commons.csv.CSVFormat.newFormat(char)",main/java/org/apache/commons/csv/CSVFormat.java,,,,,,,,,,,,,,,,,,,,,,,,,19,20,0,3,1,1,17,2,1,1,2,1,1,1,1,1,1,,,,,,0,,5,67,1,1,1,1
Public Method,"org.apache.commons.csv.CSVFormat.parse(Reader)",main/java/org/apache/commons/csv/CSVFormat.java,,,,,,,,,,,,,,,,,,,,,,,,,17,16,0,3,1,1,13,2,1,1,2,1,1,1,1,1,1,,,,,,0,,4,33,1,1,1,1
Public Method,"org.apache.commons.csv.CSVFormat.print(Appendable)",main/java/org/apache/commons/csv/CSVFormat.java,,,,,,,,,,,,,,,,,,,,,,,,,2,16,0,3,1,1,13,2,1,1,2,1,1,1,1,1,1,,,,,,0,,4,33,1,1,1,1
Public Method,"org.apache.commons.csv.CSVFormat.toString()",main/java/org/apache/commons/csv/CSVFormat.java,,,,,,,,,,,,,,,,,,,,,,,,,10,37,0,37,3,26,0,14,256,18,27,2,26,9,9,9,1,,,,,,1,,0,00,9,9,9,1
Private Method,"org.apache.commons.csv.CSVFormat.validate()",main/java/org/apache/commons/csv/CSVFormat.java,,,,,,,,,,,,,,,,,,,,,,,,,7,35,5,25,1,17,5,3,64,6,13,1,12,7,7,13,1,,,,,,1,,0,20,7,7,13,1
Public Method,"org.apache.commons.csv.CSVFormat.withAllowMissingColumnNames(boolean)",main/java/org/apache/commons/csv/CSVFormat.java,,,,,,,,,,,,,,,,,,,,,,,,,14,13,0,5,1,3,8,2,1,1,2,1,1,1,1,1,1,,,,,,0,,1,60,1,1,1,1
Public Method,"org.apache.commons.csv.CSVFormat.withCommentMarker(Character)",main/java/org/apache/commons/csv/CSVFormat.java,,,,,,,,,,,,,,,,,,,,,,,,,14,19,0,8,1,5,11,4,2,2,4,1,3,2,2,2,1,,,,,,1,,1,38,2,2,2,1
Public Method,"org.apache.commons.csv.CSVFormat.withCommentMarker(char)",main/java/org/apache/commons/csv/CSVFormat.java,,,,,,,,,,,,,,,,,,,,,,,,,25,14,0,3,1,1,11,3,1,1,2,1,1,1,1,1,1,,,,,,0,,3,67,1,1,1,1
Public Method,"org.apache.commons.csv.CSVFormat.withDelimiter(char)",main/java/org/apache/commons/csv/CSVFormat.java,,,,,,,,,,,,,,,,,,,,,,,,,21,17,0,8,1,5,9,4,2,2,4,1,3,2,2,2,1,,,,,,1,,1,12,2,2,2,1
Public Method,"org.apache.commons.csv.CSVFormat.withEscape(Character)",main/java/org/apache/commons/csv/CSVFormat.java,,,,,,,,,,,,,,,,,,,,,,,,,14,17,0,8,1,5,9,4,2,2,4,1,3,2,2,2,1,,,,,,1,,1,12,2,2,2,1
Public Method,"org.apache.commons.csv.CSVFormat.withEscape(char)",main/java/org/apache/commons/csv/CSVFormat.java,,,,,,,,,,,,,,,,,,,,,,,,,21,12,0,3,1,1,9,3,1,1,2,1,1,1,1,1,1,,,,,,0,,3,00,1,1,1,1
Public Method,"org.apache.commons.csv.CSVFormat.withHeader(String...)",main/java/org/apache/commons/csv/CSVFormat.java,,,,,,,,,,,,,,,,,,,,,,,,,37,22,0,5,1,3,17,2,1,1,2,1,1,1,1,1,1,,,,,,0,,3,40,1,1,1,1
Public Method,"org.apache.commons.csv.CSVFormat.withIgnoreEmptyLines(boolean)",main/java/org/apache/commons/csv/CSVFormat.java,,,,,,,,,,,,,,,,,,,,,,,,,25,13,0,5,1,3,8,2,1,1,2,1,1,1,1,1,1,,,,,,0,,1,60,1,1,1,1
Public Method,"org.apache.commons.csv.CSVFormat.withIgnoreSurroundingSpaces(boolean)",main/java/org/apache/commons/csv/CSVFormat.java,,,,,,,,,,,,,,,,,,,,,,,,,27,13,0,5,1,3,8,2,1,1,2,1,1,1,1,1,1,,,,,,0,,1,60,1,1,1,1
Public Method,"org.apache.commons.csv.CSVFormat.withNullString(String)",main/java/org/apache/commons/csv/CSVFormat.java,,,,,,,,,,,,,,,,,,,,,,,,,18,20,0,5,1,3,15,2,1,1,2,1,1,1,1,1,1,,,,,,0,,3,00,1,1,1,1
Public Method,"org.apache.commons.csv.CSVFormat.withQuote(Character)",main/java/org/apache/commons/csv/CSVFormat.java,,,,,,,,,,,,,,,,,,,,,,,,,21,17,0,8,1,5,9,4,2,2,4,1,3,2,2,2,1,,,,,,1,,1,12,2,2,2,1
Public Method,"org.apache.commons.csv.CSVFormat.withQuote(char)",main/java/org/apache/commons/csv/CSVFormat.java,,,,,,,,,,,,,,,,,,,,,,,,,23,12,0,3,1,1,9,3,1,1,2,1,1,1,1,1,1,,,,,,0,,3,00,1,1,1,1
Public Method,"org.apache.commons.csv.CSVFormat.withQuoteMode(QuoteMode)",main/java/org/apache/commons/csv/CSVFormat.java,,,,,,,,,,,,,,,,,,,,,,,,,26,13,0,5,1,3,8,2,1,1,2,1,1,1,1,1,1,,,,,,0,,1,60,1,1,1,1
Public Method,"org.apache.commons.csv.CSVFormat.withRecordSeparator(String)",main/java/org/apache/commons/csv/CSVFormat.java,,,,,,,,,,,,,,,,,,,,,,,,,19,18,0,5,1,3,13,2,1,1,2,1,1,1,1,1,1,,,,,,0,,2,60,1,1,1,1
Public Method,"org.apache.commons.csv.CSVFormat.withRecordSeparator(char)",main/java/org/apache/commons/csv/CSVFormat.java,,,,,,,,,,,,,,,,,,,,,,,,,7,14,0,3,1,1,11,3,1,1,2,1,1,1,1,1,1,,,,,,0,,3,67,1,1,1,1
Public Method,"org.apache.commons.csv.CSVFormat.withSkipHeaderRecord(boolean)",main/java/org/apache/commons/csv/CSVFormat.java,,,,,,,,,,,,,,,,,,,,,,,,,16,14,0,5,1,3,9,2,1,1,2,1,1,1,1,1,1,,,,,,0,,1,80,1,1,1,1
Public Class,"org.apache.commons.csv.CSVFormatTest",test/java/org/apache/commons/csv/CSVFormatTest.java,1,1,1,1,7,0,7,0,1,15,0,,2,0,,,42,0,44,56,0,2,0,42,,391,62,320,151,187,10,,,126,171,90,122,,,,,1,1,1,1,1,0,0,0,03,44,44,44,44
Private Static Method,"org.apache.commons.csv.CSVFormatTest.assertNotEquals(Object,Object)",test/java/org/apache/commons/csv/CSVFormatTest.java,,,,,,,,,,,,,,,,,,,,,,,,,13,4,0,4,1,2,0,2,1,2,3,1,2,1,1,1,1,,,,,,0,,0,00,1,1,1,1
Private Static Method,"org.apache.commons.csv.CSVFormatTest.copy(CSVFormat)",test/java/org/apache/commons/csv/CSVFormatTest.java,,,,,,,,,,,,,,,,,,,,,,,,,2,3,0,3,1,1,0,3,1,1,2,1,1,1,1,1,1,,,,,,0,,0,00,1,1,1,1
Public Method,"org.apache.commons.csv.CSVFormatTest.testDelimiterSameAsCommentStartThrowsException()",test/java/org/apache/commons/csv/CSVFormatTest.java,,,,,,,,,,,,,,,,,,,,,,,,,1,4,0,4,2,1,0,2,1,1,2,1,1,1,1,1,1,,,,,,0,,0,00,1,1,1,1
Public Method,"org.apache.commons.csv.CSVFormatTest.testDelimiterSameAsEscapeThrowsException()",test/java/org/apache/commons/csv/CSVFormatTest.java,,,,,,,,,,,,,,,,,,,,,,,,,1,4,0,4,2,1,0,2,1,1,2,1,1,1,1,1,1,,,,,,0,,0,00,1,1,1,1
Public Method,"org.apache.commons.csv.CSVFormatTest.testDuplicateHeaderElements()",test/java/org/apache/commons/csv/CSVFormatTest.java,,,,,,,,,,,,,,,,,,,,,,,,,1,4,0,4,2,1,0,1,1,1,2,1,1,1,1,1,1,,,,,,0,,0,00,1,1,1,1
Public Method,"org.apache.commons.csv.CSVFormatTest.testEquals()",test/java/org/apache/commons/csv/CSVFormatTest.java,,,,,,,,,,,,,,,,,,,,,,,,,1,15,3,12,4,9,0,5,1,9,10,3,8,1,1,1,1,,,,,,0,,0,00,1,1,1,1
Public Method,"org.apache.commons.csv.CSVFormatTest.testEqualsCommentStart()",test/java/org/apache/commons/csv/CSVFormatTest.java,,,,,,,,,,,,,,,,,,,,,,,,,1,11,1,10,6,7,0,5,1,3,4,3,3,1,1,1,1,,,,,,0,,0,00,1,1,1,1
Public Method,"org.apache.commons.csv.CSVFormatTest.testEqualsDelimiter()",test/java/org/apache/commons/csv/CSVFormatTest.java,,,,,,,,,,,,,,,,,,,,,,,,,0,7,1,6,4,3,0,2,1,3,4,3,3,1,1,1,1,,,,,,0,,0,00,1,1,1,1
Public Method,"org.apache.commons.csv.CSVFormatTest.testEqualsEscape()",test/java/org/apache/commons/csv/CSVFormatTest.java,,,,,,,,,,,,,,,,,,,,,,,,,1,12,1,11,6,8,0,6,1,3,4,3,3,1,1,1,1,,,,,,0,,0,00,1,1,1,1
Public Method,"org.apache.commons.csv.CSVFormatTest.testEqualsHeader()",test/java/org/apache/commons/csv/CSVFormatTest.java,,,,,,,,,,,,,,,,,,,,,,,,,2,16,1,15,6,12,0,10,1,3,4,3,3,1,1,1,1,,,,,,0,,0,00,1,1,1,1
Public Method,"org.apache.commons.csv.CSVFormatTest.testEqualsIgnoreEmptyLines()",test/java/org/apache/commons/csv/CSVFormatTest.java,,,,,,,,,,,,,,,,,,,,,,,,,1,14,1,13,6,10,0,8,1,3,4,3,3,1,1,1,1,,,,,,0,,0,00,1,1,1,1
Public Method,"org.apache.commons.csv.CSVFormatTest.testEqualsIgnoreSurroundingSpaces()",test/java/org/apache/commons/csv/CSVFormatTest.java,,,,,,,,,,,,,,,,,,,,,,,,,1,13,1,12,6,9,0,7,1,3,4,3,3,1,1,1,1,,,,,,0,,0,00,1,1,1,1
Public Method,"org.apache.commons.csv.CSVFormatTest.testEqualsNullString()",test/java/org/apache/commons/csv/CSVFormatTest.java,,,,,,,,,,,,,,,,,,,,,,,,,2,16,1,15,6,12,0,10,1,3,4,3,3,1,1,1,1,,,,,,0,,0,00,1,1,1,1
Public Method,"org.apache.commons.csv.CSVFormatTest.testEqualsQuoteChar()",test/java/org/apache/commons/csv/CSVFormatTest.java,,,,,,,,,,,,,,,,,,,,,,,,,0,7,1,6,4,3,0,3,1,3,4,3,3,1,1,1,1,,,,,,0,,0,00,1,1,1,1
Public Method,"org.apache.commons.csv.CSVFormatTest.testEqualsQuotePolicy()",test/java/org/apache/commons/csv/CSVFormatTest.java,,,,,,,,,,,,,,,,,,,,,,,,,2,10,1,9,6,6,0,4,1,3,4,3,3,1,1,1,1,,,,,,0,,0,00,1,1,1,1
Public Method,"org.apache.commons.csv.CSVFormatTest.testEqualsRecordSeparator()",test/java/org/apache/commons/csv/CSVFormatTest.java,,,,,,,,,,,,,,,,,,,,,,,,,3,15,1,14,6,11,0,9,1,3,4,3,3,1,1,1,1,,,,,,0,,0,00,1,1,1,1
Public Method,"org.apache.commons.csv.CSVFormatTest.testEqualsSkipHeaderRecord()",test/java/org/apache/commons/csv/CSVFormatTest.java,,,,,,,,,,,,,,,,,,,,,,,,,2,17,1,16,6,13,0,11,1,3,4,3,3,1,1,1,1,,,,,,0,,0,00,1,1,1,1
Public Method,"org.apache.commons.csv.CSVFormatTest.testEscapeSameAsCommentStartThrowsException()",test/java/org/apache/commons/csv/CSVFormatTest.java,,,,,,,,,,,,,,,,,,,,,,,,,1,4,0,4,2,1,0,2,1,1,2,1,1,1,1,1,1,,,,,,0,,0,00,1,1,1,1
Public Method,"org.apache.commons.csv.CSVFormatTest.testEscapeSameAsCommentStartThrowsExceptionForWrapperType()",test/java/org/apache/commons/csv/CSVFormatTest.java,,,,,,,,,,,,,,,,,,,,,,,,,1,5,0,4,2,1,1,3,1,1,2,1,1,1,1,1,1,,,,,,0,,0,25,1,1,1,1
Public Method,"org.apache.commons.csv.CSVFormatTest.testFormat()",test/java/org/apache/commons/csv/CSVFormatTest.java,,,,,,,,,,,,,,,,,,,,,,,,,1,8,1,7,3,4,0,2,1,4,5,2,3,1,1,1,1,,,,,,0,,0,00,1,1,1,1
Public Method,"org.apache.commons.csv.CSVFormatTest.testGetHeader()",test/java/org/apache/commons/csv/CSVFormatTest.java,,,,,,,,,,,,,,,,,,,,,,,,,1,12,0,11,5,8,1,5,1,8,9,4,7,1,1,1,1,,,,,,0,,0,09,1,1,1,1
Public Method,"org.apache.commons.csv.CSVFormatTest.testNullRecordSeparatorCsv106()",test/java/org/apache/commons/csv/CSVFormatTest.java,,,,,,,,,,,,,,,,,,,,,,,,,0,7,0,7,4,4,0,7,1,4,5,3,4,1,1,1,1,,,,,,0,,0,00,1,1,1,1
Public Method,"org.apache.commons.csv.CSVFormatTest.testQuoteCharSameAsCommentStartThrowsException()",test/java/org/apache/commons/csv/CSVFormatTest.java,,,,,,,,,,,,,,,,,,,,,,,,,1,4,0,4,2,1,0,2,1,1,2,1,1,1,1,1,1,,,,,,0,,0,00,1,1,1,1
Public Method,"org.apache.commons.csv.CSVFormatTest.testQuoteCharSameAsCommentStartThrowsExceptionForWrapperType()",test/java/org/apache/commons/csv/CSVFormatTest.java,,,,,,,,,,,,,,,,,,,,,,,,,1,5,0,4,2,1,1,3,1,1,2,1,1,1,1,1,1,,,,,,0,,0,25,1,1,1,1
Public Method,"org.apache.commons.csv.CSVFormatTest.testQuoteCharSameAsDelimiterThrowsException()",test/java/org/apache/commons/csv/CSVFormatTest.java,,,,,,,,,,,,,,,,,,,,,,,,,1,4,0,4,2,1,0,2,1,1,2,1,1,1,1,1,1,,,,,,0,,0,00,1,1,1,1
Public Method,"org.apache.commons.csv.CSVFormatTest.testQuotePolicyNoneWithoutEscapeThrowsException()",test/java/org/apache/commons/csv/CSVFormatTest.java,,,,,,,,,,,,,,,,,,,,,,,,,1,4,0,4,2,1,0,2,1,1,2,1,1,1,1,1,1,,,,,,0,,0,00,1,1,1,1
Public Method,"org.apache.commons.csv.CSVFormatTest.testRFC4180()",test/java/org/apache/commons/csv/CSVFormatTest.java,,,,,,,,,,,,,,,,,,,,,,,,,1,10,0,10,2,7,0,10,1,7,8,1,7,1,1,1,1,,,,,,0,,0,00,1,1,1,1
Public Method,"org.apache.commons.csv.CSVFormatTest.testSerialization()",test/java/org/apache/commons/csv/CSVFormatTest.java,,,,,,,,,,,,,,,,,,,,,,,,,1,22,3,19,7,15,1,18,1,15,16,5,15,1,1,1,1,,,,,,0,,0,05,1,1,1,1
Public Method,"org.apache.commons.csv.CSVFormatTest.testWithCommentStart()",test/java/org/apache/commons/csv/CSVFormatTest.java,,,,,,,,,,,,,,,,,,,,,,,,,1,5,0,5,3,2,0,4,1,2,3,2,2,1,1,1,1,,,,,,0,,0,00,1,1,1,1
Public Method,"org.apache.commons.csv.CSVFormatTest.testWithCommentStartCRThrowsException()",test/java/org/apache/commons/csv/CSVFormatTest.java,,,,,,,,,,,,,,,,,,,,,,,,,2,4,0,4,2,1,0,1,1,1,2,1,1,1,1,1,1,,,,,,0,,0,00,1,1,1,1
Public Method,"org.apache.commons.csv.CSVFormatTest.testWithDelimiter()",test/java/org/apache/commons/csv/CSVFormatTest.java,,,,,,,,,,,,,,,,,,,,,,,,,1,5,0,5,3,2,0,3,1,2,3,2,2,1,1,1,1,,,,,,0,,0,00,1,1,1,1
Public Method,"org.apache.commons.csv.CSVFormatTest.testWithDelimiterLFThrowsException()",test/java/org/apache/commons/csv/CSVFormatTest.java,,,,,,,,,,,,,,,,,,,,,,,,,2,4,0,4,2,1,0,1,1,1,2,1,1,1,1,1,1,,,,,,0,,0,00,1,1,1,1
Public Method,"org.apache.commons.csv.CSVFormatTest.testWithEscape()",test/java/org/apache/commons/csv/CSVFormatTest.java,,,,,,,,,,,,,,,,,,,,,,,,,1,5,0,5,3,2,0,4,1,2,3,2,2,1,1,1,1,,,,,,0,,0,00,1,1,1,1
Public Method,"org.apache.commons.csv.CSVFormatTest.testWithEscapeCRThrowsExceptions()",test/java/org/apache/commons/csv/CSVFormatTest.java,,,,,,,,,,,,,,,,,,,,,,,,,2,4,0,4,2,1,0,1,1,1,2,1,1,1,1,1,1,,,,,,0,,0,00,1,1,1,1
Public Method,"org.apache.commons.csv.CSVFormatTest.testWithHeader()",test/java/org/apache/commons/csv/CSVFormatTest.java,,,,,,,,,,,,,,,,,,,,,,,,,1,12,0,11,4,8,1,6,1,8,9,3,7,1,1,1,1,,,,,,0,,0,09,1,1,1,1
Public Method,"org.apache.commons.csv.CSVFormatTest.testWithIgnoreEmptyLines()",test/java/org/apache/commons/csv/CSVFormatTest.java,,,,,,,,,,,,,,,,,,,,,,,,,1,5,0,5,2,2,0,4,1,2,3,1,2,1,1,1,1,,,,,,0,,0,00,1,1,1,1
Public Method,"org.apache.commons.csv.CSVFormatTest.testWithIgnoreSurround()",test/java/org/apache/commons/csv/CSVFormatTest.java,,,,,,,,,,,,,,,,,,,,,,,,,1,5,0,5,2,2,0,4,1,2,3,1,2,1,1,1,1,,,,,,0,,0,00,1,1,1,1
Public Method,"org.apache.commons.csv.CSVFormatTest.testWithNullString()",test/java/org/apache/commons/csv/CSVFormatTest.java,,,,,,,,,,,,,,,,,,,,,,,,,1,5,0,5,3,2,0,3,1,2,3,2,2,1,1,1,1,,,,,,0,,0,00,1,1,1,1
Public Method,"org.apache.commons.csv.CSVFormatTest.testWithQuoteChar()",test/java/org/apache/commons/csv/CSVFormatTest.java,,,,,,,,,,,,,,,,,,,,,,,,,1,5,0,5,3,2,0,4,1,2,3,2,2,1,1,1,1,,,,,,0,,0,00,1,1,1,1
Public Method,"org.apache.commons.csv.CSVFormatTest.testWithQuoteLFThrowsException()",test/java/org/apache/commons/csv/CSVFormatTest.java,,,,,,,,,,,,,,,,,,,,,,,,,2,4,0,4,2,1,0,1,1,1,2,1,1,1,1,1,1,,,,,,0,,0,00,1,1,1,1
Public Method,"org.apache.commons.csv.CSVFormatTest.testWithQuotePolicy()",test/java/org/apache/commons/csv/CSVFormatTest.java,,,,,,,,,,,,,,,,,,,,,,,,,2,5,0,5,3,2,0,3,1,2,3,2,2,1,1,1,1,,,,,,0,,0,00,1,1,1,1
Public Method,"org.apache.commons.csv.CSVFormatTest.testWithRecordSeparatorCR()",test/java/org/apache/commons/csv/CSVFormatTest.java,,,,,,,,,,,,,,,,,,,,,,,,,2,5,0,5,3,2,0,4,1,2,3,2,2,1,1,1,1,,,,,,0,,0,00,1,1,1,1
Public Method,"org.apache.commons.csv.CSVFormatTest.testWithRecordSeparatorCRLF()",test/java/org/apache/commons/csv/CSVFormatTest.java,,,,,,,,,,,,,,,,,,,,,,,,,2,5,0,5,3,2,0,3,1,2,3,2,2,1,1,1,1,,,,,,0,,0,00,1,1,1,1
Public Method,"org.apache.commons.csv.CSVFormatTest.testWithRecordSeparatorLF()",test/java/org/apache/commons/csv/CSVFormatTest.java,,,,,,,,,,,,,,,,,,,,,,,,,2,5,0,5,3,2,0,4,1,2,3,2,2,1,1,1,1,,,,,,0,,0,00,1,1,1,1
Public Final Class,"org.apache.commons.csv.CSVParser",main/java/org/apache/commons/csv/CSVParser.java,2,2,2,1,23,0,12,10,3,27,0,,3,0,,,11,6,14,26,1,2,0,11,,450,35,178,36,119,240,,,87,126,42,94,,,,,11,8,12,7,1,4,79,1,35,36,32,40,20
Public Constructor,"org.apache.commons.csv.CSVParser.CSVParser(Reader,CSVFormat)",main/java/org/apache/commons/csv/CSVParser.java,,,,,,,,,,,,,,,,,,,,,,,,,12,25,1,7,1,5,17,8,1,5,6,1,5,1,1,1,1,,,,,,0,,2,43,1,1,1,1
Private Method,"org.apache.commons.csv.CSVParser.addRecordValue()",main/java/org/apache/commons/csv/CSVParser.java,,,,,,,,,,,,,,,,,,,,,,,,,5,9,0,9,3,6,0,4,2,4,6,3,5,3,3,3,1,,,,,,1,,0,00,3,3,3,1
Public Method,"org.apache.commons.csv.CSVParser.close()",main/java/org/apache/commons/csv/CSVParser.java,,,,,,,,,,,,,,,,,,,,,,,,,42,11,0,5,1,2,6,1,2,1,3,1,2,2,2,2,1,,,,,,1,,1,20,2,2,2,1
Public Method,"org.apache.commons.csv.CSVParser.getCurrentLineNumber()",main/java/org/apache/commons/csv/CSVParser.java,,,,,,,,,,,,,,,,,,,,,,,,,4,13,0,3,1,1,10,2,1,1,2,1,1,1,1,1,1,,,,,,0,,3,33,1,1,1,1
Public Method,"org.apache.commons.csv.CSVParser.getHeaderMap()",main/java/org/apache/commons/csv/CSVParser.java,,,,,,,,,,,,,,,,,,,,,,,,,3,10,0,3,1,1,7,2,1,1,2,1,1,2,2,2,1,,,,,,0,,2,33,2,2,2,1
Public Method,"org.apache.commons.csv.CSVParser.getRecordNumber()",main/java/org/apache/commons/csv/CSVParser.java,,,,,,,,,,,,,,,,,,,,,,,,,3,13,0,3,1,1,10,1,1,1,2,1,1,1,1,1,1,,,,,,0,,3,33,1,1,1,1
Public Method,"org.apache.commons.csv.CSVParser.getRecords()",main/java/org/apache/commons/csv/CSVParser.java,,,,,,,,,,,,,,,,,,,,,,,,,20,20,0,8,3,4,12,4,2,4,6,3,4,2,2,2,1,,,,,,1,,1,50,2,2,2,1
Private Method,"org.apache.commons.csv.CSVParser.initializeHeader()",main/java/org/apache/commons/csv/CSVParser.java,,,,,,,,,,,,,,,,,,,,,,,,,3,43,2,33,8,24,8,14,17,16,24,9,19,8,8,12,1,,,,,,4,,0,24,8,8,12,1
Public Method,"org.apache.commons.csv.CSVParser.isClosed()",main/java/org/apache/commons/csv/CSVParser.java,,,,,,,,,,,,,,,,,,,,,,,,,3,3,0,3,1,1,0,2,1,1,2,1,1,1,1,1,1,,,,,,0,,0,00,1,1,1,1
Public Method,"org.apache.commons.csv.CSVParser.iterator()",main/java/org/apache/commons/csv/CSVParser.java,,,,,,,,,,,,,,,,,,,,,,,,,17,55,7,38,2,26,10,1,1,14,25,7,18,1,1,1,1,,,,,,0,,0,26,1,1,1,1
Anonymous Class,"org.apache.commons.csv.CSVParser.iterator.(Anon_1)",main/java/org/apache/commons/csv/CSVParser.java,2,2,2,1,9,0,8,0,2,6,0,,0,0,,,4,1,4,16,0,1,0,3,,44,7,35,1,25,2,,,13,23,6,17,,,,,4,4,4,1,1,2,50,0,06,10,10,10,4
Private Method,"org.apache.commons.csv.CSVParser.iterator.(Anon_1).getNextRecord()",main/java/org/apache/commons/csv/CSVParser.java,,,,,,,,,,,,,,,,,,,,,,,,,3,8,0,7,0,5,1,3,2,2,4,1,3,2,2,2,1,,,,,,1,,0,14,2,2,2,1
Public Method,"org.apache.commons.csv.CSVParser.iterator.(Anon_1).hasNext()",main/java/org/apache/commons/csv/CSVParser.java,,,,,,,,,,,,,,,,,,,,,,,,,1,10,1,9,0,6,0,4,3,3,6,1,5,3,3,3,1,,,,,,1,,0,00,3,3,3,1
Public Method,"org.apache.commons.csv.CSVParser.iterator.(Anon_1).next()",main/java/org/apache/commons/csv/CSVParser.java,,,,,,,,,,,,,,,,,,,,,,,,,1,17,2,14,1,10,1,5,6,6,10,2,8,4,4,4,1,,,,,,2,,0,07,4,4,4,1
Public Method,"org.apache.commons.csv.CSVParser.iterator.(Anon_1).remove()",main/java/org/apache/commons/csv/CSVParser.java,,,,,,,,,,,,,,,,,,,,,,,,,0,3,0,3,0,2,0,1,1,1,2,1,1,1,1,1,1,,,,,,0,,0,00,1,1,1,1
Method,"org.apache.commons.csv.CSVParser.nextRecord()",main/java/org/apache/commons/csv/CSVParser.java,,,,,,,,,,,,,,,,,,,,,,,,,23,50,1,42,4,36,10,19,18,23,28,4,25,11,7,11,7,,,,,,3,,0,24,11,7,11,7
Public Static Method,"org.apache.commons.csv.CSVParser.parse(File,Charset,CSVFormat)",main/java/org/apache/commons/csv/CSVParser.java,,,,,,,,,,,,,,,,,,,,,,,,,7,26,0,5,1,3,21,5,1,3,4,1,3,1,1,1,1,,,,,,0,,4,20,1,1,1,1
Public Static Method,"org.apache.commons.csv.CSVParser.parse(String,CSVFormat)",main/java/org/apache/commons/csv/CSVParser.java,,,,,,,,,,,,,,,,,,,,,,,,,34,19,1,5,1,3,13,4,1,3,4,1,3,1,1,1,1,,,,,,0,,2,60,1,1,1,1
Public Static Method,"org.apache.commons.csv.CSVParser.parse(URL,Charset,CSVFormat)",main/java/org/apache/commons/csv/CSVParser.java,,,,,,,,,,,,,,,,,,,,,,,,,9,27,1,6,1,4,20,5,1,4,5,1,4,1,1,1,1,,,,,,0,,3,33,1,1,1,1
Public Class,"org.apache.commons.csv.CSVParserTest",test/java/org/apache/commons/csv/CSVParserTest.java,1,1,1,1,13,0,12,1,1,33,0,,0,4,,,60,0,60,72,0,2,0,58,,899,114,750,353,501,75,,,405,503,221,384,,,,,3,3,3,1,1,2,0,0,10,85,85,85,60
Public Method,"org.apache.commons.csv.CSVParserTest.testBOM()",test/java/org/apache/commons/csv/CSVParserTest.java,,,,,,,,,,,,,,,,,,,,,,,,,1,15,0,14,6,8,1,8,2,5,9,5,7,2,2,2,1,,,,,,2,,0,07,2,2,2,1
Public Method,"org.apache.commons.csv.CSVParserTest.testBOMInputStream()",test/java/org/apache/commons/csv/CSVParserTest.java,,,,,,,,,,,,,,,,,,,,,,,,,1,16,0,15,6,10,1,9,2,7,11,6,9,2,2,2,1,,,,,,2,,0,07,2,2,2,1
Public Method,"org.apache.commons.csv.CSVParserTest.testBackslashEscaping()",test/java/org/apache/commons/csv/CSVParserTest.java,,,,,,,,,,,,,,,,,,,,,,,,,1,43,6,34,20,28,21,11,1,8,9,6,6,1,1,1,1,,,,,,0,,0,62,1,1,1,1
Public Method,"org.apache.commons.csv.CSVParserTest.testBackslashEscaping2()",test/java/org/apache/commons/csv/CSVParserTest.java,,,,,,,,,,,,,,,,,,,,,,,,,1,29,6,20,13,15,9,10,1,8,9,6,6,1,1,1,1,,,,,,0,,0,45,1,1,1,1
Public Method,"org.apache.commons.csv.CSVParserTest.testBackslashEscapingOld()",test/java/org/apache/commons/csv/CSVParserTest.java,,,,,,,,,,,,,,,,,,,,,,,,,2,33,0,33,17,25,4,9,2,10,12,6,8,2,2,2,1,,,,,,1,,0,12,2,2,2,1
Public Method,"org.apache.commons.csv.CSVParserTest.testCSV57()",test/java/org/apache/commons/csv/CSVParserTest.java,,,,,,,,,,,,,,,,,,,,,,,,,1,8,0,8,4,5,0,6,1,5,6,3,5,1,1,1,1,,,,,,0,,0,00,1,1,1,1
Public Method,"org.apache.commons.csv.CSVParserTest.testCarriageReturnEndings()",test/java/org/apache/commons/csv/CSVParserTest.java,,,,,,,,,,,,,,,,,,,,,,,,,1,8,0,8,5,5,0,5,1,5,6,4,4,1,1,1,1,,,,,,0,,0,00,1,1,1,1
Public Method,"org.apache.commons.csv.CSVParserTest.testCarriageReturnLineFeedEndings()",test/java/org/apache/commons/csv/CSVParserTest.java,,,,,,,,,,,,,,,,,,,,,,,,,1,8,0,8,5,5,0,5,1,5,6,4,4,1,1,1,1,,,,,,0,,0,00,1,1,1,1
Public Method,"org.apache.commons.csv.CSVParserTest.testClose()",test/java/org/apache/commons/csv/CSVParserTest.java,,,,,,,,,,,,,,,,,,,,,,,,,1,10,0,10,5,7,0,10,1,7,8,4,7,1,1,1,1,,,,,,0,,0,00,1,1,1,1
Public Method,"org.apache.commons.csv.CSVParserTest.testDefaultFormat()",test/java/org/apache/commons/csv/CSVParserTest.java,,,,,,,,,,,,,,,,,,,,,,,,,1,37,6,31,16,23,4,9,1,15,16,7,11,1,1,1,1,,,,,,0,,0,13,1,1,1,1
Public Method,"org.apache.commons.csv.CSVParserTest.testDuplicateHeaders()",test/java/org/apache/commons/csv/CSVParserTest.java,,,,,,,,,,,,,,,,,,,,,,,,,1,4,0,4,2,1,0,2,1,1,2,1,1,1,1,1,1,,,,,,0,,0,00,1,1,1,1
Public Method,"org.apache.commons.csv.CSVParserTest.testEmptyFile()",test/java/org/apache/commons/csv/CSVParserTest.java,,,,,,,,,,,,,,,,,,,,,,,,,1,6,0,6,3,3,0,4,1,3,4,2,3,1,1,1,1,,,,,,0,,0,00,1,1,1,1
Public Method,"org.apache.commons.csv.CSVParserTest.testEmptyLineBehaviourCSV()",test/java/org/apache/commons/csv/CSVParserTest.java,,,,,,,,,,,,,,,,,,,,,,,,,2,22,0,22,12,13,1,9,3,10,14,7,9,3,3,3,1,,,,,,2,,0,05,3,3,3,1
Public Method,"org.apache.commons.csv.CSVParserTest.testEmptyLineBehaviourExcel()",test/java/org/apache/commons/csv/CSVParserTest.java,,,,,,,,,,,,,,,,,,,,,,,,,2,24,0,24,13,15,1,9,3,10,14,7,9,3,3,3,1,,,,,,2,,0,04,3,3,3,1
Public Method,"org.apache.commons.csv.CSVParserTest.testEndOfFileBehaviorCSV()",test/java/org/apache/commons/csv/CSVParserTest.java,,,,,,,,,,,,,,,,,,,,,,,,,2,27,0,27,17,18,1,9,3,10,14,7,9,3,3,3,1,,,,,,2,,0,04,3,3,3,1
Public Method,"org.apache.commons.csv.CSVParserTest.testEndOfFileBehaviourExcel()",test/java/org/apache/commons/csv/CSVParserTest.java,,,,,,,,,,,,,,,,,,,,,,,,,2,29,1,28,18,19,1,9,3,10,14,7,9,3,3,3,1,,,,,,2,,0,04,3,3,3,1
Public Method,"org.apache.commons.csv.CSVParserTest.testExcelFormat1()",test/java/org/apache/commons/csv/CSVParserTest.java,,,,,,,,,,,,,,,,,,,,,,,,,2,21,0,21,13,14,0,9,2,10,12,6,8,2,2,2,1,,,,,,1,,0,00,2,2,2,1
Public Method,"org.apache.commons.csv.CSVParserTest.testExcelFormat2()",test/java/org/apache/commons/csv/CSVParserTest.java,,,,,,,,,,,,,,,,,,,,,,,,,2,19,0,19,12,13,0,9,2,10,12,6,8,2,2,2,1,,,,,,1,,0,00,2,2,2,1
Public Method,"org.apache.commons.csv.CSVParserTest.testForEach()",test/java/org/apache/commons/csv/CSVParserTest.java,,,,,,,,,,,,,,,,,,,,,,,,,1,15,3,12,4,8,0,9,2,7,10,4,8,2,2,2,1,,,,,,1,,0,00,2,2,2,1
Public Method,"org.apache.commons.csv.CSVParserTest.testGetHeaderMap()",test/java/org/apache/commons/csv/CSVParserTest.java,,,,,,,,,,,,,,,,,,,,,,,,,1,23,2,19,7,15,2,14,2,16,18,7,16,2,2,2,1,,,,,,1,,0,11,2,2,2,1
Public Method,"org.apache.commons.csv.CSVParserTest.testGetLine()",test/java/org/apache/commons/csv/CSVParserTest.java,,,,,,,,,,,,,,,,,,,,,,,,,3,10,1,9,3,5,0,7,2,4,7,3,5,2,2,2,1,,,,,,1,,0,00,2,2,2,1
Public Method,"org.apache.commons.csv.CSVParserTest.testGetLineNumberWithCR()",test/java/org/apache/commons/csv/CSVParserTest.java,,,,,,,,,,,,,,,,,,,,,,,,,1,4,0,4,2,1,0,2,1,1,2,1,1,1,1,1,1,,,,,,0,,0,00,1,1,1,1
Public Method,"org.apache.commons.csv.CSVParserTest.testGetLineNumberWithCRLF()",test/java/org/apache/commons/csv/CSVParserTest.java,,,,,,,,,,,,,,,,,,,,,,,,,1,4,0,4,2,1,0,1,1,1,2,1,1,1,1,1,1,,,,,,0,,0,00,1,1,1,1
Public Method,"org.apache.commons.csv.CSVParserTest.testGetLineNumberWithLF()",test/java/org/apache/commons/csv/CSVParserTest.java,,,,,,,,,,,,,,,,,,,,,,,,,1,4,0,4,2,1,0,2,1,1,2,1,1,1,1,1,1,,,,,,0,,0,00,1,1,1,1
Public Method,"org.apache.commons.csv.CSVParserTest.testGetOneLine()",test/java/org/apache/commons/csv/CSVParserTest.java,,,,,,,,,,,,,,,,,,,,,,,,,3,7,0,7,4,4,0,6,1,4,5,3,4,1,1,1,1,,,,,,0,,0,00,1,1,1,1
Public Method,"org.apache.commons.csv.CSVParserTest.testGetOneLineOneParser()",test/java/org/apache/commons/csv/CSVParserTest.java,,,,,,,,,,,,,,,,,,,,,,,,,4,24,0,19,8,15,5,9,1,13,15,7,13,1,1,1,1,,,,,,1,,0,26,1,1,1,1
Public Method,"org.apache.commons.csv.CSVParserTest.testGetRecordNumberWithCR()",test/java/org/apache/commons/csv/CSVParserTest.java,,,,,,,,,,,,,,,,,,,,,,,,,1,4,0,4,2,1,0,2,1,1,2,1,1,1,1,1,1,,,,,,0,,0,00,1,1,1,1
Public Method,"org.apache.commons.csv.CSVParserTest.testGetRecordNumberWithCRLF()",test/java/org/apache/commons/csv/CSVParserTest.java,,,,,,,,,,,,,,,,,,,,,,,,,1,4,0,4,2,1,0,1,1,1,2,1,1,1,1,1,1,,,,,,0,,0,00,1,1,1,1
Public Method,"org.apache.commons.csv.CSVParserTest.testGetRecordNumberWithLF()",test/java/org/apache/commons/csv/CSVParserTest.java,,,,,,,,,,,,,,,,,,,,,,,,,1,4,0,4,2,1,0,2,1,1,2,1,1,1,1,1,1,,,,,,0,,0,00,1,1,1,1
Public Method,"org.apache.commons.csv.CSVParserTest.testGetRecordWithMultiLineValues()",test/java/org/apache/commons/csv/CSVParserTest.java,,,,,,,,,,,,,,,,,,,,,,,,,2,24,0,24,5,20,0,10,1,20,21,3,19,1,1,1,1,,,,,,0,,0,00,1,1,1,1
Public Method,"org.apache.commons.csv.CSVParserTest.testGetRecords()",test/java/org/apache/commons/csv/CSVParserTest.java,,,,,,,,,,,,,,,,,,,,,,,,,4,11,0,11,4,7,0,10,2,8,10,4,8,2,2,2,1,,,,,,1,,0,00,2,2,2,1
Public Method,"org.apache.commons.csv.CSVParserTest.testHeader()",test/java/org/apache/commons/csv/CSVParserTest.java,,,,,,,,,,,,,,,,,,,,,,,,,1,16,3,13,5,9,0,11,2,10,12,5,10,2,2,2,1,,,,,,1,,0,00,2,2,2,1
Public Method,"org.apache.commons.csv.CSVParserTest.testHeaderComment()",test/java/org/apache/commons/csv/CSVParserTest.java,,,,,,,,,,,,,,,,,,,,,,,,,1,16,3,13,5,9,0,12,2,10,12,5,10,2,2,2,1,,,,,,1,,0,00,2,2,2,1
Public Method,"org.apache.commons.csv.CSVParserTest.testHeaderMissing()",test/java/org/apache/commons/csv/CSVParserTest.java,,,,,,,,,,,,,,,,,,,,,,,,,1,15,3,12,5,8,0,11,2,9,11,5,9,2,2,2,1,,,,,,1,,0,00,2,2,2,1
Public Method,"org.apache.commons.csv.CSVParserTest.testHeaderMissingWithNull()",test/java/org/apache/commons/csv/CSVParserTest.java,,,,,,,,,,,,,,,,,,,,,,,,,1,5,0,5,3,2,0,6,1,2,3,2,2,1,1,1,1,,,,,,0,,0,00,1,1,1,1
Public Method,"org.apache.commons.csv.CSVParserTest.testHeadersMissing()",test/java/org/apache/commons/csv/CSVParserTest.java,,,,,,,,,,,,,,,,,,,,,,,,,1,5,0,5,3,2,0,5,1,2,3,2,2,1,1,1,1,,,,,,0,,0,00,1,1,1,1
Public Method,"org.apache.commons.csv.CSVParserTest.testHeadersMissingException()",test/java/org/apache/commons/csv/CSVParserTest.java,,,,,,,,,,,,,,,,,,,,,,,,,1,5,0,5,3,2,0,4,1,2,3,2,2,1,1,1,1,,,,,,0,,0,00,1,1,1,1
Public Method,"org.apache.commons.csv.CSVParserTest.testIgnoreEmptyLines()",test/java/org/apache/commons/csv/CSVParserTest.java,,,,,,,,,,,,,,,,,,,,,,,,,1,10,0,8,5,5,2,5,1,5,6,4,4,1,1,1,1,,,,,,0,,0,25,1,1,1,1
Public Method,"org.apache.commons.csv.CSVParserTest.testInvalidFormat()",test/java/org/apache/commons/csv/CSVParserTest.java,,,,,,,,,,,,,,,,,,,,,,,,,2,5,0,5,3,2,0,3,1,2,3,2,2,1,1,1,1,,,,,,0,,0,00,1,1,1,1
Public Method,"org.apache.commons.csv.CSVParserTest.testIterator()",test/java/org/apache/commons/csv/CSVParserTest.java,,,,,,,,,,,,,,,,,,,,,,,,,1,28,3,23,4,18,2,11,4,14,17,3,16,3,3,3,1,,,,,,1,,0,09,3,3,3,1
Public Method,"org.apache.commons.csv.CSVParserTest.testLineFeedEndings()",test/java/org/apache/commons/csv/CSVParserTest.java,,,,,,,,,,,,,,,,,,,,,,,,,1,8,0,8,5,5,0,5,1,5,6,4,4,1,1,1,1,,,,,,0,,0,00,1,1,1,1
Public Method,"org.apache.commons.csv.CSVParserTest.testMappedButNotSetAsOutlook2007ContactExport()",test/java/org/apache/commons/csv/CSVParserTest.java,,,,,,,,,,,,,,,,,,,,,,,,,1,34,3,29,6,25,2,14,1,25,26,4,24,1,1,1,1,,,,,,0,,0,07,1,1,1,1
Public Method,"org.apache.commons.csv.CSVParserTest.testMultipleIterators()",test/java/org/apache/commons/csv/CSVParserTest.java,,,,,,,,,,,,,,,,,,,,,,,,,2,18,3,15,7,12,1,6,1,12,13,6,12,1,1,1,1,,,,,,0,,0,07,1,1,1,1
Public Method,"org.apache.commons.csv.CSVParserTest.testNewCSVParserNullReaderFormat()",test/java/org/apache/commons/csv/CSVParserTest.java,,,,,,,,,,,,,,,,,,,,,,,,,1,4,0,4,2,1,0,2,1,1,2,1,1,1,1,1,1,,,,,,0,,0,00,1,1,1,1
Public Method,"org.apache.commons.csv.CSVParserTest.testNewCSVParserReaderNullFormat()",test/java/org/apache/commons/csv/CSVParserTest.java,,,,,,,,,,,,,,,,,,,,,,,,,0,4,0,4,2,1,0,3,1,1,2,1,1,1,1,1,1,,,,,,0,,0,00,1,1,1,1
Public Method,"org.apache.commons.csv.CSVParserTest.testNoHeaderMap()",test/java/org/apache/commons/csv/CSVParserTest.java,,,,,,,,,,,,,,,,,,,,,,,,,1,6,0,6,3,3,0,4,1,3,4,2,3,1,1,1,1,,,,,,0,,0,00,1,1,1,1
Public Method,"org.apache.commons.csv.CSVParserTest.testParseFileNullFormat()",test/java/org/apache/commons/csv/CSVParserTest.java,,,,,,,,,,,,,,,,,,,,,,,,,0,4,0,4,2,1,0,3,1,1,2,1,1,1,1,1,1,,,,,,0,,0,00,1,1,1,1
Public Method,"org.apache.commons.csv.CSVParserTest.testParseNullFileFormat()",test/java/org/apache/commons/csv/CSVParserTest.java,,,,,,,,,,,,,,,,,,,,,,,,,1,4,0,4,2,1,0,2,1,1,2,1,1,1,1,1,1,,,,,,0,,0,00,1,1,1,1
Public Method,"org.apache.commons.csv.CSVParserTest.testParseNullStringFormat()",test/java/org/apache/commons/csv/CSVParserTest.java,,,,,,,,,,,,,,,,,,,,,,,,,1,4,0,4,2,1,0,1,1,1,2,1,1,1,1,1,1,,,,,,0,,0,00,1,1,1,1
Public Method,"org.apache.commons.csv.CSVParserTest.testParseNullUrlCharsetFormat()",test/java/org/apache/commons/csv/CSVParserTest.java,,,,,,,,,,,,,,,,,,,,,,,,,1,4,0,4,2,1,0,2,1,1,2,1,1,1,1,1,1,,,,,,0,,0,00,1,1,1,1
Public Method,"org.apache.commons.csv.CSVParserTest.testParseStringNullFormat()",test/java/org/apache/commons/csv/CSVParserTest.java,,,,,,,,,,,,,,,,,,,,,,,,,0,4,0,4,2,1,0,1,1,1,2,1,1,1,1,1,1,,,,,,0,,0,00,1,1,1,1
Public Method,"org.apache.commons.csv.CSVParserTest.testParseUrlCharsetNullFormat()",test/java/org/apache/commons/csv/CSVParserTest.java,,,,,,,,,,,,,,,,,,,,,,,,,0,5,0,5,3,2,1,4,1,2,3,2,2,1,1,1,1,,,,,,0,,0,20,1,1,1,1
Public Method,"org.apache.commons.csv.CSVParserTest.testParserUrlNullCharsetFormat()",test/java/org/apache/commons/csv/CSVParserTest.java,,,,,,,,,,,,,,,,,,,,,,,,,1,5,0,5,3,2,1,3,1,2,3,2,2,1,1,1,1,,,,,,0,,0,20,1,1,1,1
Public Method,"org.apache.commons.csv.CSVParserTest.testProvidedHeader()",test/java/org/apache/commons/csv/CSVParserTest.java,,,,,,,,,,,,,,,,,,,,,,,,,1,20,3,17,5,13,0,12,2,14,16,5,14,2,2,2,1,,,,,,1,,0,00,2,2,2,1
Public Method,"org.apache.commons.csv.CSVParserTest.testProvidedHeaderAuto()",test/java/org/apache/commons/csv/CSVParserTest.java,,,,,,,,,,,,,,,,,,,,,,,,,1,20,3,17,5,13,0,12,2,14,16,5,14,2,2,2,1,,,,,,1,,0,00,2,2,2,1
Public Method,"org.apache.commons.csv.CSVParserTest.testRoundtrip()",test/java/org/apache/commons/csv/CSVParserTest.java,,,,,,,,,,,,,,,,,,,,,,,,,1,11,0,11,5,7,0,7,2,6,9,5,6,2,2,2,1,,,,,,1,,0,00,2,2,2,1
Public Method,"org.apache.commons.csv.CSVParserTest.testSkipAutoHeader()",test/java/org/apache/commons/csv/CSVParserTest.java,,,,,,,,,,,,,,,,,,,,,,,,,1,9,0,9,5,6,0,7,1,6,7,4,6,1,1,1,1,,,,,,0,,0,00,1,1,1,1
Public Method,"org.apache.commons.csv.CSVParserTest.testSkipSetHeader()",test/java/org/apache/commons/csv/CSVParserTest.java,,,,,,,,,,,,,,,,,,,,,,,,,1,10,0,10,6,7,0,8,1,6,7,4,6,1,1,1,1,,,,,,0,,0,00,1,1,1,1
Private Method,"org.apache.commons.csv.CSVParserTest.validateLineNumbers(String)",test/java/org/apache/commons/csv/CSVParserTest.java,,,,,,,,,,,,,,,,,,,,,,,,,5,15,0,13,2,11,2,8,1,11,12,2,11,1,1,1,1,,,,,,0,,0,15,1,1,1,1
Private Method,"org.apache.commons.csv.CSVParserTest.validateRecordNumbers(String)",test/java/org/apache/commons/csv/CSVParserTest.java,,,,,,,,,,,,,,,,,,,,,,,,,5,17,0,17,3,14,0,9,1,15,16,3,14,1,1,1,1,,,,,,0,,0,00,1,1,1,1
Public Final Class,"org.apache.commons.csv.CSVPrinter",main/java/org/apache/commons/csv/CSVPrinter.java,4,3,5,2,28,1,15,12,3,15,0,,0,0,,,15,3,15,27,0,3,0,12,,464,35,231,41,156,199,,,106,169,45,136,,,,,18,15,27,12,1,5,55,0,86,63,59,76,30
Public Constructor,"org.apache.commons.csv.CSVPrinter.CSVPrinter(Appendable,CSVFormat)",main/java/org/apache/commons/csv/CSVPrinter.java,,,,,,,,,,,,,,,,,,,,,,,,,44,28,1,9,1,6,18,6,2,5,7,1,6,2,2,2,1,,,,,,1,,2,00,2,2,2,1
Public Method,"org.apache.commons.csv.CSVPrinter.close()",main/java/org/apache/commons/csv/CSVPrinter.java,,,,,,,,,,,,,,,,,,,,,,,,,42,5,0,5,1,2,0,1,2,1,3,1,2,2,2,2,1,,,,,,1,,0,00,2,2,2,1
Public Method,"org.apache.commons.csv.CSVPrinter.flush()",main/java/org/apache/commons/csv/CSVPrinter.java,,,,,,,,,,,,,,,,,,,,,,,,,2,11,0,5,1,2,6,1,2,1,3,1,2,2,2,2,1,,,,,,1,,1,20,2,2,2,1
Public Method,"org.apache.commons.csv.CSVPrinter.getOut()",main/java/org/apache/commons/csv/CSVPrinter.java,,,,,,,,,,,,,,,,,,,,,,,,,2,8,0,3,1,1,5,1,1,1,2,1,1,1,1,1,1,,,,,,0,,1,67,1,1,1,1
Public Method,"org.apache.commons.csv.CSVPrinter.print(Object)",main/java/org/apache/commons/csv/CSVPrinter.java,,,,,,,,,,,,,,,,,,,,,,,,,17,19,0,10,3,6,9,4,2,5,7,3,5,3,3,3,1,,,,,,1,,0,90,3,3,3,1
Private Method,"org.apache.commons.csv.CSVPrinter.print(Object,CharSequence,int,int)",main/java/org/apache/commons/csv/CSVPrinter.java,,,,,,,,,,,,,,,,,,,,,,,,,8,15,0,14,2,9,1,8,6,5,9,1,8,4,4,4,1,,,,,,1,,0,07,4,4,4,1
Private Method,"org.apache.commons.csv.CSVPrinter.printAndEscape(CharSequence,int,int)",main/java/org/apache/commons/csv/CSVPrinter.java,,,,,,,,,,,,,,,,,,,,,,,,,9,35,6,27,7,20,3,6,16,14,21,7,17,7,7,10,1,,,,,,3,,0,11,7,7,10,1
Private Method,"org.apache.commons.csv.CSVPrinter.printAndQuote(Object,CharSequence,int,int)",main/java/org/apache/commons/csv/CSVPrinter.java,,,,,,,,,,,,,,,,,,,,,,,,,16,106,10,75,11,59,21,9,156,38,53,10,48,18,15,27,12,,,,,,5,,0,28,18,15,27,12
Public Method,"org.apache.commons.csv.CSVPrinter.printComment(String)",main/java/org/apache/commons/csv/CSVPrinter.java,,,,,,,,,,,,,,,,,,,,,,,,,10,44,0,28,2,21,16,7,11,15,21,3,19,7,6,8,5,,,,,,3,,0,57,7,6,8,5
Public Method,"org.apache.commons.csv.CSVPrinter.printRecord(Iterable<?>)",main/java/org/apache/commons/csv/CSVPrinter.java,,,,,,,,,,,,,,,,,,,,,,,,,5,19,0,6,1,3,13,2,2,2,5,2,3,2,2,2,1,,,,,,1,,2,17,2,2,2,1
Public Method,"org.apache.commons.csv.CSVPrinter.printRecord(Object...)",main/java/org/apache/commons/csv/CSVPrinter.java,,,,,,,,,,,,,,,,,,,,,,,,,22,19,0,6,1,3,13,2,2,2,5,2,3,2,2,2,1,,,,,,1,,2,17,2,2,2,1
Public Method,"org.apache.commons.csv.CSVPrinter.printRecords(Iterable<?>)",main/java/org/apache/commons/csv/CSVPrinter.java,,,,,,,,,,,,,,,,,,,,,,,,,4,42,0,11,1,7,31,2,4,3,8,2,6,4,4,4,1,,,,,,2,,2,82,4,4,4,1
Public Method,"org.apache.commons.csv.CSVPrinter.printRecords(Object...)",main/java/org/apache/commons/csv/CSVPrinter.java,,,,,,,,,,,,,,,,,,,,,,,,,2,42,0,11,1,7,31,2,4,3,8,2,6,4,4,4,1,,,,,,2,,2,82,4,4,4,1
Public Method,"org.apache.commons.csv.CSVPrinter.printRecords(ResultSet)",main/java/org/apache/commons/csv/CSVPrinter.java,,,,,,,,,,,,,,,,,,,,,,,,,2,18,0,9,2,5,9,6,3,5,8,3,6,3,3,3,1,,,,,,2,,1,00,3,3,3,1
Public Method,"org.apache.commons.csv.CSVPrinter.println()",main/java/org/apache/commons/csv/CSVPrinter.java,,,,,,,,,,,,,,,,,,,,,,,,,6,13,0,7,2,4,6,3,2,3,5,2,4,2,2,2,1,,,,,,1,,0,86,2,2,2,1
Public Class,"org.apache.commons.csv.CSVPrinterTest",test/java/org/apache/commons/csv/CSVPrinterTest.java,1,1,1,1,10,0,9,0,1,27,0,,1,0,,,42,1,43,55,0,4,0,39,,487,54,422,182,285,11,,,275,328,148,273,,,,,11,4,11,1,1,2,48,0,03,59,51,60,43
Private Method,"org.apache.commons.csv.CSVPrinterTest.doOneRandom(CSVFormat)",test/java/org/apache/commons/csv/CSVPrinterTest.java,,,,,,,,,,,,,,,,,,,,,,,,,2,34,6,25,11,20,3,14,6,23,27,14,21,4,4,4,1,,,,,,2,,0,12,4,4,4,1
Private Method,"org.apache.commons.csv.CSVPrinterTest.doRandom(CSVFormat,int)",test/java/org/apache/commons/csv/CSVPrinterTest.java,,,,,,,,,,,,,,,,,,,,,,,,,3,5,0,5,1,2,0,1,2,3,5,2,3,2,2,2,1,,,,,,1,,0,00,2,2,2,1
Private Static Method,"org.apache.commons.csv.CSVPrinterTest.printable(String)",test/java/org/apache/commons/csv/CSVPrinterTest.java,,,,,,,,,,,,,,,,,,,,,,,,,2,12,0,12,3,8,0,8,3,7,10,4,8,3,3,4,1,,,,,,2,,0,00,3,3,4,1
Private Method,"org.apache.commons.csv.CSVPrinterTest.randStr()",test/java/org/apache/commons/csv/CSVPrinterTest.java,,,,,,,,,,,,,,,,,,,,,,,,,1,47,1,43,6,38,3,4,11,29,32,7,28,11,3,11,1,,,,,,2,,0,07,11,3,11,1
Public Method,"org.apache.commons.csv.CSVPrinterTest.testDelimeterQuoteNONE()",test/java/org/apache/commons/csv/CSVPrinterTest.java,,,,,,,,,,,,,,,,,,,,,,,,,2,10,0,10,5,7,0,8,1,7,8,4,7,1,1,1,1,,,,,,0,,0,00,1,1,1,1
Public Method,"org.apache.commons.csv.CSVPrinterTest.testDelimeterQuoted()",test/java/org/apache/commons/csv/CSVPrinterTest.java,,,,,,,,,,,,,,,,,,,,,,,,,1,9,0,9,4,6,0,7,1,6,7,3,6,1,1,1,1,,,,,,0,,0,00,1,1,1,1
Public Method,"org.apache.commons.csv.CSVPrinterTest.testDelimiterEscaped()",test/java/org/apache/commons/csv/CSVPrinterTest.java,,,,,,,,,,,,,,,,,,,,,,,,,1,9,0,9,4,6,0,8,1,6,7,3,6,1,1,1,1,,,,,,0,,0,00,1,1,1,1
Public Method,"org.apache.commons.csv.CSVPrinterTest.testDelimiterPlain()",test/java/org/apache/commons/csv/CSVPrinterTest.java,,,,,,,,,,,,,,,,,,,,,,,,,1,9,0,9,4,6,0,7,1,6,7,3,6,1,1,1,1,,,,,,0,,0,00,1,1,1,1
Public Method,"org.apache.commons.csv.CSVPrinterTest.testDisabledComment()",test/java/org/apache/commons/csv/CSVPrinterTest.java,,,,,,,,,,,,,,,,,,,,,,,,,1,9,1,8,4,5,0,6,1,5,6,3,5,1,1,1,1,,,,,,0,,0,00,1,1,1,1
Public Method,"org.apache.commons.csv.CSVPrinterTest.testEOLEscaped()",test/java/org/apache/commons/csv/CSVPrinterTest.java,,,,,,,,,,,,,,,,,,,,,,,,,1,9,0,9,4,6,0,8,1,6,7,3,6,1,1,1,1,,,,,,0,,0,00,1,1,1,1
Public Method,"org.apache.commons.csv.CSVPrinterTest.testEOLPlain()",test/java/org/apache/commons/csv/CSVPrinterTest.java,,,,,,,,,,,,,,,,,,,,,,,,,1,9,0,9,4,6,0,7,1,6,7,3,6,1,1,1,1,,,,,,0,,0,00,1,1,1,1
Public Method,"org.apache.commons.csv.CSVPrinterTest.testEOLQuoted()",test/java/org/apache/commons/csv/CSVPrinterTest.java,,,,,,,,,,,,,,,,,,,,,,,,,1,9,0,9,4,6,0,7,1,6,7,3,6,1,1,1,1,,,,,,0,,0,00,1,1,1,1
Public Method,"org.apache.commons.csv.CSVPrinterTest.testExcelPrintAllArrayOfArrays()",test/java/org/apache/commons/csv/CSVPrinterTest.java,,,,,,,,,,,,,,,,,,,,,,,,,2,8,0,8,4,5,0,6,1,5,6,3,5,1,1,1,1,,,,,,0,,0,00,1,1,1,1
Public Method,"org.apache.commons.csv.CSVPrinterTest.testExcelPrintAllArrayOfLists()",test/java/org/apache/commons/csv/CSVPrinterTest.java,,,,,,,,,,,,,,,,,,,,,,,,,2,8,0,8,4,5,0,7,1,5,6,3,5,1,1,1,1,,,,,,0,,0,00,1,1,1,1
Public Method,"org.apache.commons.csv.CSVPrinterTest.testExcelPrintAllIterableOfArrays()",test/java/org/apache/commons/csv/CSVPrinterTest.java,,,,,,,,,,,,,,,,,,,,,,,,,2,8,0,8,4,5,0,7,1,5,6,3,5,1,1,1,1,,,,,,0,,0,00,1,1,1,1
Public Method,"org.apache.commons.csv.CSVPrinterTest.testExcelPrintAllIterableOfLists()",test/java/org/apache/commons/csv/CSVPrinterTest.java,,,,,,,,,,,,,,,,,,,,,,,,,2,9,0,9,4,6,0,7,1,5,6,3,5,1,1,1,1,,,,,,0,,0,00,1,1,1,1
Public Method,"org.apache.commons.csv.CSVPrinterTest.testExcelPrinter1()",test/java/org/apache/commons/csv/CSVPrinterTest.java,,,,,,,,,,,,,,,,,,,,,,,,,2,8,0,8,4,5,0,6,1,5,6,3,5,1,1,1,1,,,,,,0,,0,00,1,1,1,1
Public Method,"org.apache.commons.csv.CSVPrinterTest.testExcelPrinter2()",test/java/org/apache/commons/csv/CSVPrinterTest.java,,,,,,,,,,,,,,,,,,,,,,,,,2,8,0,8,4,5,0,6,1,5,6,3,5,1,1,1,1,,,,,,0,,0,00,1,1,1,1
Public Method,"org.apache.commons.csv.CSVPrinterTest.testHeader()",test/java/org/apache/commons/csv/CSVPrinterTest.java,,,,,,,,,,,,,,,,,,,,,,,,,1,10,0,10,5,7,0,8,1,6,7,3,6,1,1,1,1,,,,,,0,,0,00,1,1,1,1
Public Method,"org.apache.commons.csv.CSVPrinterTest.testInvalidFormat()",test/java/org/apache/commons/csv/CSVPrinterTest.java,,,,,,,,,,,,,,,,,,,,,,,,,2,5,0,5,3,2,0,4,1,2,3,2,2,1,1,1,1,,,,,,0,,0,00,1,1,1,1
Public Method,"org.apache.commons.csv.CSVPrinterTest.testJdbcPrinter()",test/java/org/apache/commons/csv/CSVPrinterTest.java,,,,,,,,,,,,,,,,,,,,,,,,,2,18,0,18,6,14,0,12,1,12,14,5,13,1,1,1,1,,,,,,1,,0,00,1,1,1,1
Public Method,"org.apache.commons.csv.CSVPrinterTest.testMultiLineComment()",test/java/org/apache/commons/csv/CSVPrinterTest.java,,,,,,,,,,,,,,,,,,,,,,,,,2,9,1,8,4,5,0,7,1,5,6,3,5,1,1,1,1,,,,,,0,,0,00,1,1,1,1
Public Method,"org.apache.commons.csv.CSVPrinterTest.testNewCSVPrinterNullAppendableFormat()",test/java/org/apache/commons/csv/CSVPrinterTest.java,,,,,,,,,,,,,,,,,,,,,,,,,1,4,0,4,2,1,0,2,1,1,2,1,1,1,1,1,1,,,,,,0,,0,00,1,1,1,1
Public Method,"org.apache.commons.csv.CSVPrinterTest.testNewCsvPrinterAppendableNullFormat()",test/java/org/apache/commons/csv/CSVPrinterTest.java,,,,,,,,,,,,,,,,,,,,,,,,,0,4,0,4,2,1,0,3,1,1,2,1,1,1,1,1,1,,,,,,0,,0,00,1,1,1,1
Public Method,"org.apache.commons.csv.CSVPrinterTest.testParseCustomNullValues()",test/java/org/apache/commons/csv/CSVPrinterTest.java,,,,,,,,,,,,,,,,,,,,,,,,,2,18,0,18,9,15,0,15,1,15,16,8,15,1,1,1,1,,,,,,0,,0,00,1,1,1,1
Public Method,"org.apache.commons.csv.CSVPrinterTest.testPlainEscaped()",test/java/org/apache/commons/csv/CSVPrinterTest.java,,,,,,,,,,,,,,,,,,,,,,,,,1,9,0,9,4,6,0,8,1,6,7,3,6,1,1,1,1,,,,,,0,,0,00,1,1,1,1
Public Method,"org.apache.commons.csv.CSVPrinterTest.testPlainPlain()",test/java/org/apache/commons/csv/CSVPrinterTest.java,,,,,,,,,,,,,,,,,,,,,,,,,1,9,0,9,4,6,0,7,1,6,7,3,6,1,1,1,1,,,,,,0,,0,00,1,1,1,1
Public Method,"org.apache.commons.csv.CSVPrinterTest.testPlainQuoted()",test/java/org/apache/commons/csv/CSVPrinterTest.java,,,,,,,,,,,,,,,,,,,,,,,,,1,8,0,8,4,5,0,7,1,5,6,3,5,1,1,1,1,,,,,,0,,0,00,1,1,1,1
Public Method,"org.apache.commons.csv.CSVPrinterTest.testPrint()",test/java/org/apache/commons/csv/CSVPrinterTest.java,,,,,,,,,,,,,,,,,,,,,,,,,2,8,0,8,4,5,0,6,1,5,6,3,5,1,1,1,1,,,,,,0,,0,00,1,1,1,1
Public Method,"org.apache.commons.csv.CSVPrinterTest.testPrintCustomNullValues()",test/java/org/apache/commons/csv/CSVPrinterTest.java,,,,,,,,,,,,,,,,,,,,,,,,,2,8,0,8,4,5,0,7,1,5,6,3,5,1,1,1,1,,,,,,0,,0,00,1,1,1,1
Public Method,"org.apache.commons.csv.CSVPrinterTest.testPrintNullValues()",test/java/org/apache/commons/csv/CSVPrinterTest.java,,,,,,,,,,,,,,,,,,,,,,,,,2,8,0,8,4,5,0,6,1,5,6,3,5,1,1,1,1,,,,,,0,,0,00,1,1,1,1
Public Method,"org.apache.commons.csv.CSVPrinterTest.testPrinter1()",test/java/org/apache/commons/csv/CSVPrinterTest.java,,,,,,,,,,,,,,,,,,,,,,,,,2,8,0,8,4,5,0,6,1,5,6,3,5,1,1,1,1,,,,,,0,,0,00,1,1,1,1
Public Method,"org.apache.commons.csv.CSVPrinterTest.testPrinter2()",test/java/org/apache/commons/csv/CSVPrinterTest.java,,,,,,,,,,,,,,,,,,,,,,,,,2,8,0,8,4,5,0,6,1,5,6,3,5,1,1,1,1,,,,,,0,,0,00,1,1,1,1
Public Method,"org.apache.commons.csv.CSVPrinterTest.testPrinter3()",test/java/org/apache/commons/csv/CSVPrinterTest.java,,,,,,,,,,,,,,,,,,,,,,,,,2,8,0,8,4,5,0,6,1,5,6,3,5,1,1,1,1,,,,,,0,,0,00,1,1,1,1
Public Method,"org.apache.commons.csv.CSVPrinterTest.testPrinter4()",test/java/org/apache/commons/csv/CSVPrinterTest.java,,,,,,,,,,,,,,,,,,,,,,,,,2,8,0,8,4,5,0,6,1,5,6,3,5,1,1,1,1,,,,,,0,,0,00,1,1,1,1
Public Method,"org.apache.commons.csv.CSVPrinterTest.testPrinter5()",test/java/org/apache/commons/csv/CSVPrinterTest.java,,,,,,,,,,,,,,,,,,,,,,,,,2,8,0,8,4,5,0,6,1,5,6,3,5,1,1,1,1,,,,,,0,,0,00,1,1,1,1
Public Method,"org.apache.commons.csv.CSVPrinterTest.testPrinter6()",test/java/org/apache/commons/csv/CSVPrinterTest.java,,,,,,,,,,,,,,,,,,,,,,,,,2,8,0,8,4,5,0,6,1,5,6,3,5,1,1,1,1,,,,,,0,,0,00,1,1,1,1
Public Method,"org.apache.commons.csv.CSVPrinterTest.testPrinter7()",test/java/org/apache/commons/csv/CSVPrinterTest.java,,,,,,,,,,,,,,,,,,,,,,,,,2,8,0,8,4,5,0,6,1,5,6,3,5,1,1,1,1,,,,,,0,,0,00,1,1,1,1
Public Method,"org.apache.commons.csv.CSVPrinterTest.testQuoteAll()",test/java/org/apache/commons/csv/CSVPrinterTest.java,,,,,,,,,,,,,,,,,,,,,,,,,3,8,0,8,4,5,0,7,1,5,6,3,5,1,1,1,1,,,,,,0,,0,00,1,1,1,1
Public Method,"org.apache.commons.csv.CSVPrinterTest.testQuoteNonNumeric()",test/java/org/apache/commons/csv/CSVPrinterTest.java,,,,,,,,,,,,,,,,,,,,,,,,,3,8,0,8,4,5,0,8,1,5,6,3,5,1,1,1,1,,,,,,0,,0,00,1,1,1,1
Public Method,"org.apache.commons.csv.CSVPrinterTest.testRandom()",test/java/org/apache/commons/csv/CSVPrinterTest.java,,,,,,,,,,,,,,,,,,,,,,,,,3,7,0,7,3,4,0,1,1,4,5,2,3,1,1,1,1,,,,,,0,,0,00,1,1,1,1
Public Method,"org.apache.commons.csv.CSVPrinterTest.testSingleLineComment()",test/java/org/apache/commons/csv/CSVPrinterTest.java,,,,,,,,,,,,,,,,,,,,,,,,,2,9,1,8,4,5,0,7,1,5,6,3,5,1,1,1,1,,,,,,0,,0,00,1,1,1,1
Public Method,"org.apache.commons.csv.CSVPrinterTest.testSingleQuoteQuoted()",test/java/org/apache/commons/csv/CSVPrinterTest.java,,,,,,,,,,,,,,,,,,,,,,,,,1,9,0,9,4,6,0,7,1,6,7,3,6,1,1,1,1,,,,,,0,,0,00,1,1,1,1
Public Final Class,"org.apache.commons.csv.CSVRecord",main/java/org/apache/commons/csv/CSVRecord.java,1,1,1,1,11,0,4,6,3,13,0,,0,2,,,16,4,16,28,3,1,0,12,,219,24,85,27,39,110,,,32,56,26,32,,,,,4,4,4,1,1,2,67,1,29,23,23,26,16
Constructor,"org.apache.commons.csv.CSVRecord.CSVRecord(String[],Map<String,Integer>,String,long)",main/java/org/apache/commons/csv/CSVRecord.java,,,,,,,,,,,,,,,,,,,,,,,,,7,7,0,7,2,4,0,5,1,4,5,1,4,2,2,2,1,,,,,,0,,0,00,2,2,2,1
Public Method,"org.apache.commons.csv.CSVRecord.get(Enum<?>)",main/java/org/apache/commons/csv/CSVRecord.java,,,,,,,,,,,,,,,,,,,,,,,,,3,10,0,3,1,1,7,3,1,1,2,1,1,1,1,1,1,,,,,,0,,2,33,1,1,1,1
Public Method,"org.apache.commons.csv.CSVRecord.get(String)",main/java/org/apache/commons/csv/CSVRecord.java,,,,,,,,,,,,,,,,,,,,,,,,,21,31,0,18,2,13,13,8,8,5,9,2,8,4,4,4,1,,,,,,1,,0,72,4,4,4,1
Public Method,"org.apache.commons.csv.CSVRecord.get(int)",main/java/org/apache/commons/csv/CSVRecord.java,,,,,,,,,,,,,,,,,,,,,,,,,13,10,0,3,1,1,7,1,1,1,2,1,1,1,1,1,1,,,,,,0,,2,33,1,1,1,1
Public Method,"org.apache.commons.csv.CSVRecord.getComment()",main/java/org/apache/commons/csv/CSVRecord.java,,,,,,,,,,,,,,,,,,,,,,,,,3,9,0,3,1,1,6,1,1,1,2,1,1,1,1,1,1,,,,,,0,,2,00,1,1,1,1
Public Method,"org.apache.commons.csv.CSVRecord.getRecordNumber()",main/java/org/apache/commons/csv/CSVRecord.java,,,,,,,,,,,,,,,,,,,,,,,,,3,14,0,3,1,1,11,1,1,1,2,1,1,1,1,1,1,,,,,,0,,3,67,1,1,1,1
Public Method,"org.apache.commons.csv.CSVRecord.isConsistent()",main/java/org/apache/commons/csv/CSVRecord.java,,,,,,,,,,,,,,,,,,,,,,,,,5,13,0,3,1,1,10,2,1,1,2,1,1,1,1,2,1,,,,,,0,,3,33,1,1,2,1
Public Method,"org.apache.commons.csv.CSVRecord.isMapped(String)",main/java/org/apache/commons/csv/CSVRecord.java,,,,,,,,,,,,,,,,,,,,,,,,,7,10,0,3,1,1,7,2,1,1,2,1,1,1,1,2,1,,,,,,0,,2,33,1,1,2,1
Public Method,"org.apache.commons.csv.CSVRecord.isSet(String)",main/java/org/apache/commons/csv/CSVRecord.java,,,,,,,,,,,,,,,,,,,,,,,,,6,10,0,3,1,1,7,4,1,1,2,1,1,1,1,2,1,,,,,,0,,2,33,1,1,2,1
Public Method,"org.apache.commons.csv.CSVRecord.iterator()",main/java/org/apache/commons/csv/CSVRecord.java,,,,,,,,,,,,,,,,,,,,,,,,,0,8,0,3,1,1,5,3,1,1,2,1,1,1,1,1,1,,,,,,0,,1,67,1,1,1,1
Generic Method,"org.apache.commons.csv.CSVRecord.putIn(M)",main/java/org/apache/commons/csv/CSVRecord.java,,,,,,,,,,,,,,,,,,,,,,,,,6,18,0,12,2,7,6,6,4,4,9,3,7,4,4,4,1,,,,,,2,,0,50,4,4,4,1
TypeVariable,"org.apache.commons.csv.CSVRecord.putIn.M",main/java/org/apache/commons/csv/CSVRecord.java,0,0,0,0,0,0,0,0,1,1,0,,0,0,,,0,0,0,0,0,0,0,0,,0,0,0,0,0,0,,,0,0,0,0,,,,,0,0,0,0,1,0,0,0,00,0,0,0,0
Public Method,"org.apache.commons.csv.CSVRecord.size()",main/java/org/apache/commons/csv/CSVRecord.java,,,,,,,,,,,,,,,,,,,,,,,,,5,8,0,3,1,1,5,1,1,1,2,1,1,1,1,1,1,,,,,,0,,1,67,1,1,1,1
Private Method,"org.apache.commons.csv.CSVRecord.toList()",main/java/org/apache/commons/csv/CSVRecord.java,,,,,,,,,,,,,,,,,,,,,,,,,2,9,0,3,1,1,6,2,1,1,2,1,1,1,1,1,1,,,,,,0,,2,00,1,1,1,1
Public Method,"org.apache.commons.csv.CSVRecord.toMap()",main/java/org/apache/commons/csv/CSVRecord.java,,,,,,,,,,,,,,,,,,,,,,,,,6,8,0,3,1,1,5,3,1,1,2,1,1,1,1,1,1,,,,,,0,,1,67,1,1,1,1
Public Method,"org.apache.commons.csv.CSVRecord.toString()",main/java/org/apache/commons/csv/CSVRecord.java,,,,,,,,,,,,,,,,,,,,,,,,,3,10,0,4,2,1,6,2,1,1,2,1,1,1,1,1,1,,,,,,0,,1,50,1,1,1,1
Method,"org.apache.commons.csv.CSVRecord.values()",main/java/org/apache/commons/csv/CSVRecord.java,,,,,,,,,,,,,,,,,,,,,,,,,16,3,0,3,1,1,0,1,1,1,2,1,1,1,1,1,1,,,,,,0,,0,00,1,1,1,1
Public Class,"org.apache.commons.csv.CSVRecordTest",test/java/org/apache/commons/csv/CSVRecordTest.java,1,1,1,1,6,0,6,0,1,24,0,,0,0,,,19,4,19,31,0,1,0,18,,158,23,132,54,68,3,,,69,93,37,67,,,,,2,2,2,1,1,1,64,0,02,21,21,21,19
Private Enum Type,"org.apache.commons.csv.CSVRecordTest.EnumFixture",test/java/org/apache/commons/csv/CSVRecordTest.java,0,0,0,0,0,0,0,0,1,1,0,,0,0,,,2,1,2,28,0,0,0,2,,1,0,1,1,0,0,,,0,1,1,0,,,,,0,0,0,0,1,0,,0,00,0,0,0,0
Public Implicit Method,"org.apache.commons.csv.CSVRecordTest.EnumFixture.valueOf()",test/java/org/apache/commons/csv/CSVRecordTest.java,,,,,,,,,,,,,,,,,,,,,,,,,,,,,,,,,,,,,,,,,,,,,,,,,0,00,0,0,0,0
Public Implicit Method,"org.apache.commons.csv.CSVRecordTest.EnumFixture.values()",test/java/org/apache/commons/csv/CSVRecordTest.java,,,,,,,,,,,,,,,,,,,,,,,,,,,,,,,,,,,,,,,,,,,,,,,,,0,00,0,0,0,0
Public Method,"org.apache.commons.csv.CSVRecordTest.setUp()",test/java/org/apache/commons/csv/CSVRecordTest.java,,,,,,,,,,,,,,,,,,,,,,,,,2,10,0,10,2,7,0,8,1,7,8,1,7,1,1,1,1,,,,,,0,,0,00,1,1,1,1
Public Method,"org.apache.commons.csv.CSVRecordTest.testGetInt()",test/java/org/apache/commons/csv/CSVRecordTest.java,,,,,,,,,,,,,,,,,,,,,,,,,2,6,0,6,2,3,0,2,1,3,4,1,3,1,1,1,1,,,,,,0,,0,00,1,1,1,1
Public Method,"org.apache.commons.csv.CSVRecordTest.testGetString()",test/java/org/apache/commons/csv/CSVRecordTest.java,,,,,,,,,,,,,,,,,,,,,,,,,2,6,0,6,2,3,0,2,1,3,4,1,3,1,1,1,1,,,,,,0,,0,00,1,1,1,1
Public Method,"org.apache.commons.csv.CSVRecordTest.testGetStringInconsistentRecord()",test/java/org/apache/commons/csv/CSVRecordTest.java,,,,,,,,,,,,,,,,,,,,,,,,,2,5,0,5,2,2,0,3,1,2,3,1,2,1,1,1,1,,,,,,0,,0,00,1,1,1,1
Public Method,"org.apache.commons.csv.CSVRecordTest.testGetStringNoHeader()",test/java/org/apache/commons/csv/CSVRecordTest.java,,,,,,,,,,,,,,,,,,,,,,,,,1,4,0,4,2,1,0,1,1,1,2,1,1,1,1,1,1,,,,,,0,,0,00,1,1,1,1
Public Method,"org.apache.commons.csv.CSVRecordTest.testGetUnmappedEnum()",test/java/org/apache/commons/csv/CSVRecordTest.java,,,,,,,,,,,,,,,,,,,,,,,,,2,4,0,4,2,1,0,2,1,1,2,1,1,1,1,1,1,,,,,,0,,0,00,1,1,1,1
Public Method,"org.apache.commons.csv.CSVRecordTest.testGetUnmappedName()",test/java/org/apache/commons/csv/CSVRecordTest.java,,,,,,,,,,,,,,,,,,,,,,,,,1,4,0,4,2,1,0,2,1,1,2,1,1,1,1,1,1,,,,,,0,,0,00,1,1,1,1
Public Method,"org.apache.commons.csv.CSVRecordTest.testGetUnmappedNegativeInt()",test/java/org/apache/commons/csv/CSVRecordTest.java,,,,,,,,,,,,,,,,,,,,,,,,,2,4,0,4,2,1,0,2,1,1,2,1,1,1,1,1,1,,,,,,0,,0,00,1,1,1,1
Public Method,"org.apache.commons.csv.CSVRecordTest.testGetUnmappedPositiveInt()",test/java/org/apache/commons/csv/CSVRecordTest.java,,,,,,,,,,,,,,,,,,,,,,,,,2,4,0,4,2,1,0,2,1,1,2,1,1,1,1,1,1,,,,,,0,,0,00,1,1,1,1
Public Method,"org.apache.commons.csv.CSVRecordTest.testIsConsistent()",test/java/org/apache/commons/csv/CSVRecordTest.java,,,,,,,,,,,,,,,,,,,,,,,,,3,8,1,7,2,4,0,5,1,4,5,1,4,1,1,1,1,,,,,,0,,0,00,1,1,1,1
Public Method,"org.apache.commons.csv.CSVRecordTest.testIsMapped()",test/java/org/apache/commons/csv/CSVRecordTest.java,,,,,,,,,,,,,,,,,,,,,,,,,2,6,0,6,2,3,0,3,1,3,4,1,3,1,1,1,1,,,,,,0,,0,00,1,1,1,1
Public Method,"org.apache.commons.csv.CSVRecordTest.testIsSet()",test/java/org/apache/commons/csv/CSVRecordTest.java,,,,,,,,,,,,,,,,,,,,,,,,,2,6,0,6,2,3,0,3,1,3,4,1,3,1,1,1,1,,,,,,0,,0,00,1,1,1,1
Public Method,"org.apache.commons.csv.CSVRecordTest.testIterator()",test/java/org/apache/commons/csv/CSVRecordTest.java,,,,,,,,,,,,,,,,,,,,,,,,,2,8,0,8,3,4,0,1,2,3,6,3,3,2,2,2,1,,,,,,1,,0,00,2,2,2,1
Public Method,"org.apache.commons.csv.CSVRecordTest.testPutInMap()",test/java/org/apache/commons/csv/CSVRecordTest.java,,,,,,,,,,,,,,,,,,,,,,,,,1,9,0,8,4,5,1,4,1,5,6,3,5,1,1,1,1,,,,,,0,,0,12,1,1,1,1
Public Method,"org.apache.commons.csv.CSVRecordTest.testRemoveAndAddColumns()",test/java/org/apache/commons/csv/CSVRecordTest.java,,,,,,,,,,,,,,,,,,,,,,,,,2,14,0,12,5,9,2,14,1,9,10,4,9,1,1,1,1,,,,,,0,,0,17,1,1,1,1
Public Method,"org.apache.commons.csv.CSVRecordTest.testToMap()",test/java/org/apache/commons/csv/CSVRecordTest.java,,,,,,,,,,,,,,,,,,,,,,,,,1,5,0,5,3,2,0,2,1,2,3,2,2,1,1,1,1,,,,,,0,,0,00,1,1,1,1
Public Method,"org.apache.commons.csv.CSVRecordTest.testToMapWithNoHeader()",test/java/org/apache/commons/csv/CSVRecordTest.java,,,,,,,,,,,,,,,,,,,,,,,,,0,8,0,8,5,5,0,8,1,5,6,4,5,1,1,1,1,,,,,,0,,0,00,1,1,1,1
Public Method,"org.apache.commons.csv.CSVRecordTest.testToMapWithShortRecord()",test/java/org/apache/commons/csv/CSVRecordTest.java,,,,,,,,,,,,,,,,,,,,,,,,,1,6,0,6,4,3,0,5,1,3,4,3,3,1,1,1,1,,,,,,0,,0,00,1,1,1,1
Private Method,"org.apache.commons.csv.CSVRecordTest.validateMap(Map<String,String>,boolean)",test/java/org/apache/commons/csv/CSVRecordTest.java,,,,,,,,,,,,,,,,,,,,,,,,,4,13,0,13,1,10,0,5,2,9,11,1,10,2,2,2,1,,,,,,1,,0,00,2,2,2,1
Final Class,"org.apache.commons.csv.Constants",main/java/org/apache/commons/csv/Constants.java,0,0,0,0,0,0,0,0,1,2,0,,0,19,,,0,0,0,12,0,0,0,0,,56,13,21,20,19,22,,,19,20,20,1,,,,,0,0,0,0,1,0,0,1,05,0,0,0,0
Final Class,"org.apache.commons.csv.ExtendedBufferedReader",main/java/org/apache/commons/csv/ExtendedBufferedReader.java,2,2,2,1,13,1,7,5,1,4,0,,0,0,,,9,3,9,51,4,0,0,5,,150,22,75,22,42,56,,,34,54,19,39,,,,,9,9,9,1,1,4,55,0,75,20,20,25,9
Constructor,"org.apache.commons.csv.ExtendedBufferedReader.ExtendedBufferedReader(Reader)",main/java/org/apache/commons/csv/ExtendedBufferedReader.java,,,,,,,,,,,,,,,,,,,,,,,,,6,6,0,3,1,1,3,2,1,1,2,1,1,1,1,1,1,,,,,,0,,1,00,1,1,1,1
Public Method,"org.apache.commons.csv.ExtendedBufferedReader.close()",main/java/org/apache/commons/csv/ExtendedBufferedReader.java,,,,,,,,,,,,,,,,,,,,,,,,,9,13,0,6,2,3,7,3,1,3,4,1,3,1,1,1,1,,,,,,0,,1,17,1,1,1,1
Method,"org.apache.commons.csv.ExtendedBufferedReader.getCurrentLineNumber()",main/java/org/apache/commons/csv/ExtendedBufferedReader.java,,,,,,,,,,,,,,,,,,,,,,,,,10,12,0,6,1,3,8,1,2,2,4,1,3,2,2,5,1,,,,,,1,,1,33,2,2,5,1
Method,"org.apache.commons.csv.ExtendedBufferedReader.getLastChar()",main/java/org/apache/commons/csv/ExtendedBufferedReader.java,,,,,,,,,,,,,,,,,,,,,,,,,7,11,0,3,1,1,8,1,1,1,2,1,1,1,1,1,1,,,,,,0,,2,67,1,1,1,1
Public Method,"org.apache.commons.csv.ExtendedBufferedReader.isClosed()",main/java/org/apache/commons/csv/ExtendedBufferedReader.java,,,,,,,,,,,,,,,,,,,,,,,,,2,3,0,3,1,1,0,1,1,1,2,1,1,1,1,1,1,,,,,,0,,0,00,1,1,1,1
Method,"org.apache.commons.csv.ExtendedBufferedReader.lookAhead()",main/java/org/apache/commons/csv/ExtendedBufferedReader.java,,,,,,,,,,,,,,,,,,,,,,,,,6,16,1,6,2,4,9,4,1,4,5,2,4,1,1,1,1,,,,,,0,,1,50,1,1,1,1
Public Method,"org.apache.commons.csv.ExtendedBufferedReader.read()",main/java/org/apache/commons/csv/ExtendedBufferedReader.java,,,,,,,,,,,,,,,,,,,,,,,,,13,9,0,9,3,5,0,4,2,4,6,2,5,2,2,4,1,,,,,,1,,0,00,2,2,4,1
Public Method,"org.apache.commons.csv.ExtendedBufferedReader.read(char[],int,int)",main/java/org/apache/commons/csv/ExtendedBufferedReader.java,,,,,,,,,,,,,,,,,,,,,,,,,10,29,6,23,4,15,0,4,8,10,18,4,15,9,9,9,1,,,,,,4,,0,00,9,9,9,1
Public Method,"org.apache.commons.csv.ExtendedBufferedReader.readLine()",main/java/org/apache/commons/csv/ExtendedBufferedReader.java,,,,,,,,,,,,,,,,,,,,,,,,,6,23,2,11,3,7,11,4,2,5,7,2,6,2,2,2,1,,,,,,1,,1,00,2,2,2,1
Public Class,"org.apache.commons.csv.ExtendedBufferedReaderTest",test/java/org/apache/commons/csv/ExtendedBufferedReaderTest.java,1,1,1,1,28,2,25,1,1,6,0,,0,0,,,6,0,6,18,0,1,0,5,,188,23,152,23,129,17,,,130,140,21,123,,,,,4,4,4,1,1,1,0,0,11,9,9,9,6
Private Method,"org.apache.commons.csv.ExtendedBufferedReaderTest.getBufferedReader(String)",test/java/org/apache/commons/csv/ExtendedBufferedReaderTest.java,,,,,,,,,,,,,,,,,,,,,,,,,6,3,0,3,1,1,0,3,1,1,2,1,1,1,1,1,1,,,,,,0,,0,00,1,1,1,1
Public Method,"org.apache.commons.csv.ExtendedBufferedReaderTest.testEmptyInput()",test/java/org/apache/commons/csv/ExtendedBufferedReaderTest.java,,,,,,,,,,,,,,,,,,,,,,,,,1,10,0,10,3,7,0,9,1,7,8,2,7,1,1,1,1,,,,,,0,,0,00,1,1,1,1
Public Method,"org.apache.commons.csv.ExtendedBufferedReaderTest.testReadChar()",test/java/org/apache/commons/csv/ExtendedBufferedReaderTest.java,,,,,,,,,,,,,,,,,,,,,,,,,0,33,3,26,7,19,5,7,8,20,24,9,15,4,4,4,1,,,,,,1,,0,19,4,4,4,1
Public Method,"org.apache.commons.csv.ExtendedBufferedReaderTest.testReadLine()",test/java/org/apache/commons/csv/ExtendedBufferedReaderTest.java,,,,,,,,,,,,,,,,,,,,,,,,,0,47,5,42,3,39,0,8,1,39,40,2,39,1,1,1,1,,,,,,0,,0,00,1,1,1,1
Public Method,"org.apache.commons.csv.ExtendedBufferedReaderTest.testReadLookahead1()",test/java/org/apache/commons/csv/ExtendedBufferedReaderTest.java,,,,,,,,,,,,,,,,,,,,,,,,,2,58,7,51,3,48,3,7,1,48,49,2,48,1,1,1,1,,,,,,0,,0,06,1,1,1,1
Public Method,"org.apache.commons.csv.ExtendedBufferedReaderTest.testReadLookahead2()",test/java/org/apache/commons/csv/ExtendedBufferedReaderTest.java,,,,,,,,,,,,,,,,,,,,,,,,,0,20,2,18,5,15,0,7,1,15,16,4,13,1,1,1,1,,,,,,0,,0,00,1,1,1,1
Public Class,"org.apache.commons.csv.FercGovTest",test/java/org/apache/commons/csv/FercGovTest.java,1,1,1,1,22,0,19,2,1,11,0,,0,1,,,2,0,2,14,0,0,0,2,,63,4,51,23,32,8,,,28,33,13,29,,,,,1,1,1,1,1,1,0,0,16,2,2,2,2
Private Enum Type,"org.apache.commons.csv.FercGovTest.ContractColumnNames",test/java/org/apache/commons/csv/FercGovTest.java,0,0,0,0,0,0,0,0,1,1,0,,0,0,,,2,32,2,28,0,0,0,2,,9,0,9,8,0,0,,,1,1,1,0,,,,,0,0,0,0,1,0,,0,00,0,0,0,0
Public Implicit Method,"org.apache.commons.csv.FercGovTest.ContractColumnNames.valueOf()",test/java/org/apache/commons/csv/FercGovTest.java,,,,,,,,,,,,,,,,,,,,,,,,,,,,,,,,,,,,,,,,,,,,,,,,,0,00,0,0,0,0
Public Implicit Method,"org.apache.commons.csv.FercGovTest.ContractColumnNames.values()",test/java/org/apache/commons/csv/FercGovTest.java,,,,,,,,,,,,,,,,,,,,,,,,,,,,,,,,,,,,,,,,,,,,,,,,,0,00,0,0,0,0
Public Method,"org.apache.commons.csv.FercGovTest.testContractFile()",test/java/org/apache/commons/csv/FercGovTest.java,,,,,,,,,,,,,,,,,,,,,,,,,5,22,0,19,6,15,3,10,1,13,15,5,14,1,1,1,1,,,,,,1,,0,16,1,1,1,1
Public Method,"org.apache.commons.csv.FercGovTest.testTransactionFile()",test/java/org/apache/commons/csv/FercGovTest.java,,,,,,,,,,,,,,,,,,,,,,,,,2,22,0,20,7,16,2,10,1,13,15,5,14,1,1,1,1,,,,,,1,,0,10,1,1,1,1
Final Class,"org.apache.commons.csv.Lexer",main/java/org/apache/commons/csv/Lexer.java,3,2,4,2,18,0,11,7,2,10,0,,0,1,,,19,7,19,31,14,4,0,1,,397,33,226,39,153,148,,,102,158,39,129,,,,,14,14,19,9,1,5,80,0,65,66,56,80,45
Constructor,"org.apache.commons.csv.Lexer.Lexer(CSVFormat,ExtendedBufferedReader)",main/java/org/apache/commons/csv/Lexer.java,,,,,,,,,,,,,,,,,,,,,,,,,5,10,0,9,1,7,1,15,1,7,8,1,7,1,1,1,1,,,,,,0,,0,11,1,1,1,1
Public Method,"org.apache.commons.csv.Lexer.close()",main/java/org/apache/commons/csv/Lexer.java,,,,,,,,,,,,,,,,,,,,,,,,,2,9,0,3,1,1,6,1,1,1,2,1,1,1,1,1,1,,,,,,0,,2,00,1,1,1,1
Method,"org.apache.commons.csv.Lexer.getCurrentLineNumber()",main/java/org/apache/commons/csv/Lexer.java,,,,,,,,,,,,,,,,,,,,,,,,,3,8,0,3,1,1,5,2,1,1,2,1,1,1,1,1,1,,,,,,0,,1,67,1,1,1,1
Method,"org.apache.commons.csv.Lexer.isClosed()",main/java/org/apache/commons/csv/Lexer.java,,,,,,,,,,,,,,,,,,,,,,,,,2,3,0,3,1,1,0,2,1,1,2,1,1,1,1,1,1,,,,,,0,,0,00,1,1,1,1
Method,"org.apache.commons.csv.Lexer.isCommentStart(int)",main/java/org/apache/commons/csv/Lexer.java,,,,,,,,,,,,,,,,,,,,,,,,,3,3,0,3,1,1,0,1,1,1,2,1,1,1,1,1,1,,,,,,0,,0,00,1,1,1,1
Method,"org.apache.commons.csv.Lexer.isDelimiter(int)",main/java/org/apache/commons/csv/Lexer.java,,,,,,,,,,,,,,,,,,,,,,,,,6,3,0,3,1,1,0,1,1,1,2,1,1,1,1,1,1,,,,,,0,,0,00,1,1,1,1
Method,"org.apache.commons.csv.Lexer.isEndOfFile(int)",main/java/org/apache/commons/csv/Lexer.java,,,,,,,,,,,,,,,,,,,,,,,,,5,6,0,3,1,1,3,1,1,1,2,1,1,1,1,1,1,,,,,,0,,1,00,1,1,1,1
Method,"org.apache.commons.csv.Lexer.isEscape(int)",main/java/org/apache/commons/csv/Lexer.java,,,,,,,,,,,,,,,,,,,,,,,,,4,3,0,3,1,1,0,1,1,1,2,1,1,1,1,1,1,,,,,,0,,0,00,1,1,1,1
Private Method,"org.apache.commons.csv.Lexer.isMetaChar(int)",main/java/org/apache/commons/csv/Lexer.java,,,,,,,,,,,,,,,,,,,,,,,,,6,6,0,6,1,4,0,1,1,1,2,1,1,1,1,4,1,,,,,,0,,0,00,1,1,4,1
Method,"org.apache.commons.csv.Lexer.isQuoteChar(int)",main/java/org/apache/commons/csv/Lexer.java,,,,,,,,,,,,,,,,,,,,,,,,,4,3,0,3,1,1,0,1,1,1,2,1,1,1,1,1,1,,,,,,0,,0,00,1,1,1,1
Method,"org.apache.commons.csv.Lexer.isStartOfLine(int)",main/java/org/apache/commons/csv/Lexer.java,,,,,,,,,,,,,,,,,,,,,,,,,5,9,0,3,1,1,6,1,1,1,2,1,1,1,1,3,1,,,,,,0,,2,00,1,1,3,1
Method,"org.apache.commons.csv.Lexer.isWhitespace(int)",main/java/org/apache/commons/csv/Lexer.java,,,,,,,,,,,,,,,,,,,,,,,,,3,6,0,3,1,1,3,3,1,1,2,1,1,1,1,2,1,,,,,,0,,1,00,1,1,2,1
Private Method,"org.apache.commons.csv.Lexer.mapNullToDisabled(Character)",main/java/org/apache/commons/csv/Lexer.java,,,,,,,,,,,,,,,,,,,,,,,,,3,3,0,3,1,1,0,2,1,1,2,1,1,2,2,2,1,,,,,,0,,0,00,2,2,2,1
Method,"org.apache.commons.csv.Lexer.nextToken(Token)",main/java/org/apache/commons/csv/Lexer.java,,,,,,,,,,,,,,,,,,,,,,,,,39,94,7,52,6,40,36,17,58,26,40,6,39,14,14,19,7,,,,,,3,,0,69,14,14,19,7
Private Method,"org.apache.commons.csv.Lexer.parseEncapsulatedToken(Token)",main/java/org/apache/commons/csv/Lexer.java,,,,,,,,,,,,,,,,,,,,,,,,,8,70,1,43,4,34,28,16,12,19,31,4,29,12,12,12,9,,,,,,5,,0,65,12,12,12,9
Private Method,"org.apache.commons.csv.Lexer.parseSimpleToken(Token,int)",main/java/org/apache/commons/csv/Lexer.java,,,,,,,,,,,,,,,,,,,,,,,,,10,52,2,30,2,24,24,12,14,15,23,2,22,8,8,8,5,,,,,,3,,0,80,8,8,8,5
Method,"org.apache.commons.csv.Lexer.readEndOfLine(int)",main/java/org/apache/commons/csv/Lexer.java,,,,,,,,,,,,,,,,,,,,,,,,,7,13,0,6,1,3,7,3,2,2,4,1,3,2,2,4,1,,,,,,1,,1,17,2,2,4,1
Method,"org.apache.commons.csv.Lexer.readEscape()",main/java/org/apache/commons/csv/Lexer.java,,,,,,,,,,,,,,,,,,,,,,,,,9,42,0,28,2,24,17,4,10,10,13,2,12,13,3,13,9,,,,,,2,,0,61,13,3,13,9
Method,"org.apache.commons.csv.Lexer.trimTrailingSpaces(StringBuilder)",main/java/org/apache/commons/csv/Lexer.java,,,,,,,,,,,,,,,,,,,,,,,,,2,9,0,9,2,5,0,4,4,3,6,2,5,3,3,4,1,,,,,,1,,0,00,3,3,4,1
Public Class,"org.apache.commons.csv.LexerTest",test/java/org/apache/commons/csv/LexerTest.java,1,1,1,1,11,0,10,1,1,14,0,,0,0,,,28,1,28,40,0,1,0,27,,356,39,285,104,196,63,,,167,196,74,153,,,,,1,1,1,1,1,0,46,0,22,28,28,28,28
Private Method,"org.apache.commons.csv.LexerTest.getLexer(String,CSVFormat)",test/java/org/apache/commons/csv/LexerTest.java,,,,,,,,,,,,,,,,,,,,,,,,,28,3,0,3,1,1,0,4,1,1,2,1,1,1,1,1,1,,,,,,0,,0,00,1,1,1,1
Public Method,"org.apache.commons.csv.LexerTest.setUp()",test/java/org/apache/commons/csv/LexerTest.java,,,,,,,,,,,,,,,,,,,,,,,,,1,4,0,4,2,1,0,2,1,1,2,1,1,1,1,1,1,,,,,,0,,0,00,1,1,1,1
Public Method,"org.apache.commons.csv.LexerTest.testBackslashWithEscaping()",test/java/org/apache/commons/csv/LexerTest.java,,,,,,,,,,,,,,,,,,,,,,,,,4,18,1,14,5,11,3,7,1,11,12,4,10,1,1,1,1,,,,,,0,,0,21,1,1,1,1
Public Method,"org.apache.commons.csv.LexerTest.testBackslashWithoutEscaping()",test/java/org/apache/commons/csv/LexerTest.java,,,,,,,,,,,,,,,,,,,,,,,,,4,20,1,14,5,11,5,6,1,11,12,4,9,1,1,1,1,,,,,,0,,0,36,1,1,1,1
Public Method,"org.apache.commons.csv.LexerTest.testBackspace()",test/java/org/apache/commons/csv/LexerTest.java,,,,,,,,,,,,,,,,,,,,,,,,,2,5,0,5,3,2,0,4,1,2,3,2,2,1,1,1,1,,,,,,0,,0,00,1,1,1,1
Public Method,"org.apache.commons.csv.LexerTest.testCR()",test/java/org/apache/commons/csv/LexerTest.java,,,,,,,,,,,,,,,,,,,,,,,,,2,6,0,6,3,3,0,4,1,3,4,2,3,1,1,1,1,,,,,,0,,0,00,1,1,1,1
Public Method,"org.apache.commons.csv.LexerTest.testComments()",test/java/org/apache/commons/csv/LexerTest.java,,,,,,,,,,,,,,,,,,,,,,,,,5,27,1,26,6,22,0,5,1,17,18,4,16,1,1,1,1,,,,,,0,,0,00,1,1,1,1
Public Method,"org.apache.commons.csv.LexerTest.testCommentsAndEmptyLines()",test/java/org/apache/commons/csv/LexerTest.java,,,,,,,,,,,,,,,,,,,,,,,,,5,48,4,44,6,40,28,8,1,27,28,4,26,1,1,1,1,,,,,,0,,0,64,1,1,1,1
Public Method,"org.apache.commons.csv.LexerTest.testDelimiterIsWhitespace()",test/java/org/apache/commons/csv/LexerTest.java,,,,,,,,,,,,,,,,,,,,,,,,,3,11,0,11,4,8,0,4,1,8,9,3,7,1,1,1,1,,,,,,0,,0,00,1,1,1,1
Public Method,"org.apache.commons.csv.LexerTest.testEscapedBackspace()",test/java/org/apache/commons/csv/LexerTest.java,,,,,,,,,,,,,,,,,,,,,,,,,2,5,0,5,3,2,1,4,1,2,3,2,2,1,1,1,1,,,,,,0,,0,20,1,1,1,1
Public Method,"org.apache.commons.csv.LexerTest.testEscapedCR()",test/java/org/apache/commons/csv/LexerTest.java,,,,,,,,,,,,,,,,,,,,,,,,,2,5,0,5,3,2,0,4,1,2,3,2,2,1,1,1,1,,,,,,0,,0,00,1,1,1,1
Public Method,"org.apache.commons.csv.LexerTest.testEscapedCharacter()",test/java/org/apache/commons/csv/LexerTest.java,,,,,,,,,,,,,,,,,,,,,,,,,1,5,0,5,3,2,0,4,1,2,3,2,2,1,1,1,1,,,,,,0,,0,00,1,1,1,1
Public Method,"org.apache.commons.csv.LexerTest.testEscapedControlCharacter()",test/java/org/apache/commons/csv/LexerTest.java,,,,,,,,,,,,,,,,,,,,,,,,,2,6,0,5,3,2,1,5,1,2,3,2,2,1,1,1,1,,,,,,0,,0,20,1,1,1,1
Public Method,"org.apache.commons.csv.LexerTest.testEscapedControlCharacter2()",test/java/org/apache/commons/csv/LexerTest.java,,,,,,,,,,,,,,,,,,,,,,,,,2,5,0,5,3,2,0,5,1,2,3,2,2,1,1,1,1,,,,,,0,,0,00,1,1,1,1
Public Method,"org.apache.commons.csv.LexerTest.testEscapedFF()",test/java/org/apache/commons/csv/LexerTest.java,,,,,,,,,,,,,,,,,,,,,,,,,2,5,0,5,3,2,1,4,1,2,3,2,2,1,1,1,1,,,,,,0,,0,20,1,1,1,1
Public Method,"org.apache.commons.csv.LexerTest.testEscapedLF()",test/java/org/apache/commons/csv/LexerTest.java,,,,,,,,,,,,,,,,,,,,,,,,,2,5,0,5,3,2,0,4,1,2,3,2,2,1,1,1,1,,,,,,0,,0,00,1,1,1,1
Public Method,"org.apache.commons.csv.LexerTest.testEscapedMySqlNullValue()",test/java/org/apache/commons/csv/LexerTest.java,,,,,,,,,,,,,,,,,,,,,,,,,1,6,0,5,3,2,1,4,1,2,3,2,2,1,1,1,1,,,,,,0,,0,20,1,1,1,1
Public Method,"org.apache.commons.csv.LexerTest.testEscapedTab()",test/java/org/apache/commons/csv/LexerTest.java,,,,,,,,,,,,,,,,,,,,,,,,,2,5,0,5,3,2,1,4,1,2,3,2,2,1,1,1,1,,,,,,0,,0,20,1,1,1,1
Public Method,"org.apache.commons.csv.LexerTest.testEscapingAtEOF()",test/java/org/apache/commons/csv/LexerTest.java,,,,,,,,,,,,,,,,,,,,,,,,,1,7,1,6,4,3,0,2,1,3,4,3,2,1,1,1,1,,,,,,0,,0,00,1,1,1,1
Public Method,"org.apache.commons.csv.LexerTest.testFF()",test/java/org/apache/commons/csv/LexerTest.java,,,,,,,,,,,,,,,,,,,,,,,,,2,5,0,5,3,2,0,4,1,2,3,2,2,1,1,1,1,,,,,,0,,0,00,1,1,1,1
Public Method,"org.apache.commons.csv.LexerTest.testIgnoreEmptyLines()",test/java/org/apache/commons/csv/LexerTest.java,,,,,,,,,,,,,,,,,,,,,,,,,4,30,1,29,6,25,0,5,1,13,14,4,12,1,1,1,1,,,,,,0,,0,00,1,1,1,1
Public Method,"org.apache.commons.csv.LexerTest.testLF()",test/java/org/apache/commons/csv/LexerTest.java,,,,,,,,,,,,,,,,,,,,,,,,,2,6,0,6,3,3,0,4,1,3,4,2,3,1,1,1,1,,,,,,0,,0,00,1,1,1,1
Public Method,"org.apache.commons.csv.LexerTest.testNextToken4()",test/java/org/apache/commons/csv/LexerTest.java,,,,,,,,,,,,,,,,,,,,,,,,,4,23,0,17,4,14,6,5,1,14,15,3,13,1,1,1,1,,,,,,0,,0,35,1,1,1,1
Public Method,"org.apache.commons.csv.LexerTest.testNextToken5()",test/java/org/apache/commons/csv/LexerTest.java,,,,,,,,,,,,,,,,,,,,,,,,,4,11,1,10,4,7,0,4,1,7,8,3,6,1,1,1,1,,,,,,0,,0,00,1,1,1,1
Public Method,"org.apache.commons.csv.LexerTest.testNextToken6()",test/java/org/apache/commons/csv/LexerTest.java,,,,,,,,,,,,,,,,,,,,,,,,,3,13,0,8,5,5,5,7,1,5,6,4,4,1,1,1,1,,,,,,0,,0,62,1,1,1,1
Public Method,"org.apache.commons.csv.LexerTest.testSurroundingSpacesAreDeleted()",test/java/org/apache/commons/csv/LexerTest.java,,,,,,,,,,,,,,,,,,,,,,,,,3,12,0,12,4,9,0,5,1,9,10,3,8,1,1,1,1,,,,,,0,,0,00,1,1,1,1
Public Method,"org.apache.commons.csv.LexerTest.testSurroundingTabsAreDeleted()",test/java/org/apache/commons/csv/LexerTest.java,,,,,,,,,,,,,,,,,,,,,,,,,3,12,0,12,4,9,0,5,1,9,10,3,8,1,1,1,1,,,,,,0,,0,00,1,1,1,1
Public Method,"org.apache.commons.csv.LexerTest.testTab()",test/java/org/apache/commons/csv/LexerTest.java,,,,,,,,,,,,,,,,,,,,,,,,,2,5,0,5,3,2,0,4,1,2,3,2,2,1,1,1,1,,,,,,0,,0,00,1,1,1,1
Public Class,"org.apache.commons.csv.PerformanceTest",test/java/org/apache/commons/csv/PerformanceTest.java,4,4,4,1,18,0,17,0,1,30,0,,11,6,,,0,0,11,23,0,10,0,1,,260,22,221,65,162,31,,,128,177,64,132,,,,,15,15,15,8,1,4,72,0,14,52,48,52,18
Private Static Class,"org.apache.commons.csv.PerformanceTest.Stats",test/java/org/apache/commons/csv/PerformanceTest.java,1,1,1,1,4,0,4,0,1,0,0,,0,0,,,1,2,1,13,1,0,0,0,,8,0,8,4,2,0,,,4,6,4,2,,,,,1,1,1,1,1,0,0,0,00,1,1,1,1
Constructor,"org.apache.commons.csv.PerformanceTest.Stats.Stats(int,int)",test/java/org/apache/commons/csv/PerformanceTest.java,,,,,,,,,,,,,,,,,,,,,,,,,6,4,0,4,1,2,0,3,1,2,3,1,2,1,1,1,1,,,,,,0,,0,00,1,1,1,1
Private Static Method,"org.apache.commons.csv.PerformanceTest.getLexerCtor(String)",test/java/org/apache/commons/csv/PerformanceTest.java,,,,,,,,,,,,,,,,,,,,,,,,,2,5,0,5,3,2,0,3,1,2,3,2,2,1,1,1,1,,,,,,0,,0,00,1,1,1,1
Private Static Method,"org.apache.commons.csv.PerformanceTest.getReader()",test/java/org/apache/commons/csv/PerformanceTest.java,,,,,,,,,,,,,,,,,,,,,,,,,5,3,0,3,1,1,0,3,1,1,2,1,1,1,1,1,1,,,,,,0,,0,00,1,1,1,1
Private Static Method,"org.apache.commons.csv.PerformanceTest.iterate(Iterable<CSVRecord>)",test/java/org/apache/commons/csv/PerformanceTest.java,,,,,,,,,,,,,,,,,,,,,,,,,2,9,0,9,3,6,0,3,2,5,8,4,4,2,2,2,1,,,,,,1,,0,00,2,2,2,1
Public Static Method,"org.apache.commons.csv.PerformanceTest.main(String[])",test/java/org/apache/commons/csv/PerformanceTest.java,,,,,,,,,,,,,,,,,,,,,,,,,6,52,1,51,5,41,0,19,240,27,44,8,38,15,15,15,1,,,,,,2,,0,00,15,15,15,1
Private Static Method,"org.apache.commons.csv.PerformanceTest.readAll(BufferedReader,boolean)",test/java/org/apache/commons/csv/PerformanceTest.java,,,,,,,,,,,,,,,,,,,,,,,,,4,10,0,10,4,6,0,4,2,6,8,4,4,3,3,3,1,,,,,,1,,0,00,3,3,3,1
Private Static Method,"org.apache.commons.csv.PerformanceTest.show()",test/java/org/apache/commons/csv/PerformanceTest.java,,,,,,,,,,,,,,,,,,,,,,,,,7,10,0,10,2,6,2,2,3,6,9,3,6,3,3,3,1,,,,,,2,,0,20,3,3,3,1
Private Static Method,"org.apache.commons.csv.PerformanceTest.show(String,Stats,long)",test/java/org/apache/commons/csv/PerformanceTest.java,,,,,,,,,,,,,,,,,,,,,,,,,11,5,0,5,2,3,0,4,1,3,4,2,3,1,1,1,1,,,,,,0,,0,00,1,1,1,1
Private Static Method,"org.apache.commons.csv.PerformanceTest.testCSVLexer(boolean,String)",test/java/org/apache/commons/csv/PerformanceTest.java,,,,,,,,,,,,,,,,,,,,,,,,,12,47,1,46,9,40,1,19,25,29,34,10,28,11,7,11,8,,,,,,3,,0,02,11,7,11,8
Private Static Method,"org.apache.commons.csv.PerformanceTest.testExtendedBuffer(boolean)",test/java/org/apache/commons/csv/PerformanceTest.java,,,,,,,,,,,,,,,,,,,,,,,,,3,36,0,36,7,27,3,11,9,21,30,8,25,10,10,10,1,,,,,,4,,0,08,10,10,10,1
Private Static Method,"org.apache.commons.csv.PerformanceTest.testParseCommonsCSV()",test/java/org/apache/commons/csv/PerformanceTest.java,,,,,,,,,,,,,,,,,,,,,,,,,3,12,0,12,5,9,0,8,2,10,12,6,10,2,2,2,1,,,,,,1,,0,00,2,2,2,1
Private Static Method,"org.apache.commons.csv.PerformanceTest.testReadBigFile(boolean)",test/java/org/apache/commons/csv/PerformanceTest.java,,,,,,,,,,,,,,,,,,,,,,,,,3,10,0,10,4,7,0,6,2,8,10,5,8,3,3,3,1,,,,,,1,,0,00,3,3,3,1
Public Enum Type,"org.apache.commons.csv.QuoteMode",main/java/org/apache/commons/csv/QuoteMode.java,0,0,0,0,0,0,0,0,1,1,0,,0,0,,,2,4,2,28,0,0,0,2,,30,4,6,5,0,20,,,0,1,1,0,,,,,0,0,0,0,1,0,,3,33,0,0,0,0
Public Implicit Method,"org.apache.commons.csv.QuoteMode.valueOf()",main/java/org/apache/commons/csv/QuoteMode.java,,,,,,,,,,,,,,,,,,,,,,,,,,,,,,,,,,,,,,,,,,,,,,,,,0,00,0,0,0,0
Public Implicit Method,"org.apache.commons.csv.QuoteMode.values()",main/java/org/apache/commons/csv/QuoteMode.java,,,,,,,,,,,,,,,,,,,,,,,,,,,,,,,,,,,,,,,,,,,,,,,,,0,00,0,0,0,0
Final Class,"org.apache.commons.csv.Token",main/java/org/apache/commons/csv/Token.java,1,1,1,1,7,0,4,2,1,6,0,,0,1,,,2,3,2,14,1,0,0,1,,54,11,22,14,7,21,,,8,12,8,5,,,,,1,1,1,1,1,0,16,0,95,2,2,2,2
Enum Type,"org.apache.commons.csv.Token.Type",main/java/org/apache/commons/csv/Token.java,0,0,0,0,0,0,0,0,1,1,0,,0,0,,,2,5,2,28,0,0,0,2,,16,4,7,6,0,5,,,0,1,1,0,,,,,0,0,0,0,1,0,,0,71,0,0,0,0
Public Implicit Method,"org.apache.commons.csv.Token.Type.valueOf()",main/java/org/apache/commons/csv/Token.java,,,,,,,,,,,,,,,,,,,,,,,,,,,,,,,,,,,,,,,,,,,,,,,,,0,00,0,0,0,0
Public Implicit Method,"org.apache.commons.csv.Token.Type.values()",main/java/org/apache/commons/csv/Token.java,,,,,,,,,,,,,,,,,,,,,,,,,,,,,,,,,,,,,,,,,,,,,,,,,0,00,0,0,0,0
Method,"org.apache.commons.csv.Token.reset()",main/java/org/apache/commons/csv/Token.java,,,,,,,,,,,,,,,,,,,,,,,,,4,5,0,5,1,3,0,3,1,3,4,1,3,1,1,1,1,,,,,,0,,0,00,1,1,1,1
Public Method,"org.apache.commons.csv.Token.toString()",main/java/org/apache/commons/csv/Token.java,,,,,,,,,,,,,,,,,,,,,,,,,2,9,0,4,2,1,5,3,1,1,2,1,1,1,1,1,1,,,,,,0,,1,25,1,1,1,1
Final Class,"org.apache.commons.csv.TokenMatchers",test/java/org/apache/commons/csv/TokenMatchers.java,1,1,1,1,13,1,11,0,1,3,0,,4,0,,,0,0,4,16,0,0,0,4,,62,11,48,5,32,3,,,17,28,11,17,,,,,1,1,1,1,1,0,0,0,06,4,4,4,4
Public Static Method,"org.apache.commons.csv.TokenMatchers.hasContent(String)",test/java/org/apache/commons/csv/TokenMatchers.java,,,,,,,,,,,,,,,,,,,,,,,,,16,17,2,15,1,11,0,1,1,6,9,3,6,1,1,1,1,,,,,,0,,0,00,1,1,1,1
Anonymous Class,"org.apache.commons.csv.TokenMatchers.hasContent.(Anon_2)",test/java/org/apache/commons/csv/TokenMatchers.java,1,1,1,1,5,0,5,0,1,6,0,,0,0,,,2,0,2,14,0,0,1,1,,14,2,12,0,10,0,,,5,7,2,5,,,,,1,1,1,1,2,0,0,0,00,2,2,2,2
Public Method,"org.apache.commons.csv.TokenMatchers.hasContent.(Anon_2).describeTo(Description)",test/java/org/apache/commons/csv/TokenMatchers.java,,,,,,,,,,,,,,,,,,,,,,,,,2,4,0,4,0,3,0,2,1,2,3,1,2,1,1,1,1,,,,,,0,,0,00,1,1,1,1
Protected Method,"org.apache.commons.csv.TokenMatchers.hasContent.(Anon_2).matchesSafely(Token,Description)",test/java/org/apache/commons/csv/TokenMatchers.java,,,,,,,,,,,,,,,,,,,,,,,,,4,7,0,7,0,6,0,5,1,3,4,1,3,1,1,1,1,,,,,,0,,0,00,1,1,1,1
Public Static Method,"org.apache.commons.csv.TokenMatchers.hasType(Token.Type)",test/java/org/apache/commons/csv/TokenMatchers.java,,,,,,,,,,,,,,,,,,,,,,,,,2,17,2,15,1,11,0,1,1,6,9,3,6,1,1,1,1,,,,,,0,,0,00,1,1,1,1
Anonymous Class,"org.apache.commons.csv.TokenMatchers.hasType.(Anon_1)",test/java/org/apache/commons/csv/TokenMatchers.java,1,1,1,1,5,0,5,0,1,4,0,,0,0,,,2,0,2,14,0,0,1,1,,14,2,12,0,10,0,,,5,7,2,5,,,,,1,1,1,1,2,0,0,0,00,2,2,2,2
Public Method,"org.apache.commons.csv.TokenMatchers.hasType.(Anon_1).describeTo(Description)",test/java/org/apache/commons/csv/TokenMatchers.java,,,,,,,,,,,,,,,,,,,,,,,,,2,4,0,4,0,3,0,2,1,2,3,1,2,1,1,1,1,,,,,,0,,0,00,1,1,1,1
Protected Method,"org.apache.commons.csv.TokenMatchers.hasType.(Anon_1).matchesSafely(Token,Description)",test/java/org/apache/commons/csv/TokenMatchers.java,,,,,,,,,,,,,,,,,,,,,,,,,4,7,0,7,0,6,0,3,1,3,4,1,3,1,1,1,1,,,,,,0,,0,00,1,1,1,1
Public Static Method,"org.apache.commons.csv.TokenMatchers.isReady()",test/java/org/apache/commons/csv/TokenMatchers.java,,,,,,,,,,,,,,,,,,,,,,,,,1,15,2,13,1,9,0,1,1,4,7,3,4,1,1,1,1,,,,,,0,,0,00,1,1,1,1
Anonymous Class,"org.apache.commons.csv.TokenMatchers.isReady.(Anon_3)",test/java/org/apache/commons/csv/TokenMatchers.java,1,1,1,1,4,0,4,0,1,3,0,,0,0,,,2,0,2,14,0,0,1,1,,12,2,10,0,8,0,,,3,5,2,3,,,,,1,1,1,1,2,0,0,0,00,2,2,2,2
Public Method,"org.apache.commons.csv.TokenMatchers.isReady.(Anon_3).describeTo(Description)",test/java/org/apache/commons/csv/TokenMatchers.java,,,,,,,,,,,,,,,,,,,,,,,,,1,3,0,3,0,2,0,1,1,1,2,1,1,1,1,1,1,,,,,,0,,0,00,1,1,1,1
Protected Method,"org.apache.commons.csv.TokenMatchers.isReady.(Anon_3).matchesSafely(Token,Description)",test/java/org/apache/commons/csv/TokenMatchers.java,,,,,,,,,,,,,,,,,,,,,,,,,3,6,0,6,0,5,0,2,1,2,3,1,2,1,1,1,1,,,,,,0,,0,00,1,1,1,1
Public Static Method,"org.apache.commons.csv.TokenMatchers.matches(Token.Type,String)",test/java/org/apache/commons/csv/TokenMatchers.java,,,,,,,,,,,,,,,,,,,,,,,,,14,3,0,3,1,1,0,4,1,1,2,1,1,1,1,1,1,,,,,,0,,0,00,1,1,1,1
Public Class,"org.apache.commons.csv.TokenMatchersTest",test/java/org/apache/commons/csv/TokenMatchersTest.java,1,1,1,1,6,0,6,0,1,6,0,,0,0,,,5,1,5,17,0,0,0,5,,42,7,35,12,17,0,,,18,24,7,17,,,,,1,1,1,1,1,0,0,0,00,5,5,5,5
Public Method,"org.apache.commons.csv.TokenMatchersTest.setUp()",test/java/org/apache/commons/csv/TokenMatchersTest.java,,,,,,,,,,,,,,,,,,,,,,,,,3,7,0,7,2,4,0,4,1,4,5,1,4,1,1,1,1,,,,,,0,,0,00,1,1,1,1
Public Method,"org.apache.commons.csv.TokenMatchersTest.testHasContent()",test/java/org/apache/commons/csv/TokenMatchersTest.java,,,,,,,,,,,,,,,,,,,,,,,,,1,5,0,5,2,2,0,4,1,2,3,1,2,1,1,1,1,,,,,,0,,0,00,1,1,1,1
Public Method,"org.apache.commons.csv.TokenMatchersTest.testHasType()",test/java/org/apache/commons/csv/TokenMatchersTest.java,,,,,,,,,,,,,,,,,,,,,,,,,5,7,0,7,2,4,0,4,1,4,5,1,4,1,1,1,1,,,,,,0,,0,00,1,1,1,1
Public Method,"org.apache.commons.csv.TokenMatchersTest.testIsReady()",test/java/org/apache/commons/csv/TokenMatchersTest.java,,,,,,,,,,,,,,,,,,,,,,,,,1,6,0,6,2,3,0,6,1,3,4,1,3,1,1,1,1,,,,,,0,,0,00,1,1,1,1
Public Method,"org.apache.commons.csv.TokenMatchersTest.testMatches()",test/java/org/apache/commons/csv/TokenMatchersTest.java,,,,,,,,,,,,,,,,,,,,,,,,,4,7,0,7,2,4,0,4,1,4,5,1,4,1,1,1,1,,,,,,0,,0,00,1,1,1,1
Final Class,"org.apache.commons.csv.Utils",test/java/org/apache/commons/csv/Utils.java,1,1,1,1,7,0,4,3,1,4,0,,1,0,,,1,0,2,14,0,1,0,1,,24,2,10,3,3,12,,,4,8,4,4,,,,,2,2,2,1,1,1,0,1,20,3,3,3,2
Private Constructor,"org.apache.commons.csv.Utils.Utils()",test/java/org/apache/commons/csv/Utils.java,,,,,,,,,,,,,,,,,,,,,,,,,0,2,0,2,1,0,0,1,1,0,1,1,0,1,1,1,1,,,,,,0,,0,00,1,1,1,1
Public Static Method,"org.apache.commons.csv.Utils.compare(String,String[][],List<CSVRecord>)",test/java/org/apache/commons/csv/Utils.java,,,,,,,,,,,,,,,,,,,,,,,,,8,13,0,6,1,3,7,5,2,4,6,2,4,2,2,2,1,,,,,,1,,1,17,2,2,2,1
Package,"org.apache.commons.csv.perf",test/java/org/apache/commons/csv/perf/PerformanceTest.java,1,1,1,1,9,0,9,0,,,,1,1,1,1,,7,1,8,,0,4,0,4,,132,14,94,46,47,25,,,59,78,46,42,,,,,4,4,4,1,,3,,0,27,15,15,15,8
Public Class,"org.apache.commons.csv.perf.PerformanceTest",test/java/org/apache/commons/csv/perf/PerformanceTest.java,1,1,1,1,9,0,9,0,1,23,0,,1,1,,,7,1,8,20,0,4,0,4,,94,10,76,29,47,9,,,42,61,29,42,,,,,4,4,4,1,1,3,75,0,12,15,15,15,8
Private Method,"org.apache.commons.csv.perf.PerformanceTest.getBufferedReader()",test/java/org/apache/commons/csv/perf/PerformanceTest.java,,,,,,,,,,,,,,,,,,,,,,,,,3,3,0,3,1,1,0,3,1,1,2,1,1,1,1,1,1,,,,,,0,,0,00,1,1,1,1
Private Method,"org.apache.commons.csv.perf.PerformanceTest.parse(Reader,boolean)",test/java/org/apache/commons/csv/perf/PerformanceTest.java,,,,,,,,,,,,,,,,,,,,,,,,,4,13,0,12,3,7,1,3,4,4,10,5,6,4,4,4,1,,,,,,3,,0,08,4,4,4,1
Private Method,"org.apache.commons.csv.perf.PerformanceTest.println(String)",test/java/org/apache/commons/csv/perf/PerformanceTest.java,,,,,,,,,,,,,,,,,,,,,,,,,5,3,0,3,1,1,0,1,1,1,2,1,1,1,1,1,1,,,,,,0,,0,00,1,1,1,1
Private Method,"org.apache.commons.csv.perf.PerformanceTest.readAll(BufferedReader)",test/java/org/apache/commons/csv/perf/PerformanceTest.java,,,,,,,,,,,,,,,,,,,,,,,,,2,7,0,7,2,4,0,2,2,3,5,2,3,2,2,2,1,,,,,,1,,0,00,2,2,2,1
Public Static Method,"org.apache.commons.csv.perf.PerformanceTest.setUpClass()",test/java/org/apache/commons/csv/perf/PerformanceTest.java,,,,,,,,,,,,,,,,,,,,,,,,,2,14,0,14,4,10,0,10,2,9,11,3,10,2,2,2,1,,,,,,1,,0,00,2,2,2,1
Public Method,"org.apache.commons.csv.perf.PerformanceTest.testParseBigFile(boolean)",test/java/org/apache/commons/csv/perf/PerformanceTest.java,,,,,,,,,,,,,,,,,,,,,,,,,2,7,0,7,4,5,0,6,1,5,6,4,5,1,1,1,1,,,,,,0,,0,00,1,1,1,1
Public Method,"org.apache.commons.csv.perf.PerformanceTest.testParseBigFileRepeat()",test/java/org/apache/commons/csv/perf/PerformanceTest.java,,,,,,,,,,,,,,,,,,,,,,,,,2,8,0,8,3,4,0,4,2,5,7,3,4,2,2,2,1,,,,,,1,,0,00,2,2,2,1
Public Method,"org.apache.commons.csv.perf.PerformanceTest.testReadBigFile()",test/java/org/apache/commons/csv/perf/PerformanceTest.java,,,,,,,,,,,,,,,,,,,,,,,,,2,18,0,18,7,13,0,7,2,12,15,7,11,2,2,2,1,,,,,,2,,0,00,2,2,2,1
File,"test/java/org/apache/commons/csv/AssertionsTest.java",test/java/org/apache/commons/csv/AssertionsTest.java,1,1,1,1,4,0,4,0,,,,1,0,0,,2,2,0,2,,0,0,0,2,,36,5,12,7,2,19,,,4,7,5,2,,,,,1,1,1,1,,0,,1,58,2,2,2,2
File,"test/java/org/apache/commons/csv/CSVFileParserTest.java",test/java/org/apache/commons/csv/CSVFileParserTest.java,4,4,4,1,19,0,18,1,,,,2,1,1,,6,5,2,6,,0,1,0,5,,173,15,132,59,78,28,,,84,111,60,72,,,,,9,9,9,1,,3,,0,21,24,24,26,6
File,"test/java/org/apache/commons/csv/CSVFormatTest.java",test/java/org/apache/commons/csv/CSVFormatTest.java,1,1,1,1,7,0,7,0,,,,1,2,0,,44,42,0,44,,0,2,0,42,,429,67,337,168,187,26,,,143,188,107,122,,,,,1,1,1,1,,0,,0,08,44,44,44,44
File,"test/java/org/apache/commons/csv/CSVParserTest.java",test/java/org/apache/commons/csv/CSVParserTest.java,1,1,1,1,13,0,12,1,,,,1,0,4,,60,60,0,60,,0,2,0,58,,950,119,780,383,501,91,,,435,533,251,384,,,,,3,3,3,1,,2,,0,12,85,85,85,60
File,"test/java/org/apache/commons/csv/CSVPrinterTest.java",test/java/org/apache/commons/csv/CSVPrinterTest.java,1,1,1,1,10,0,9,0,,,,1,1,0,,43,42,1,43,,0,4,0,39,,524,59,438,198,285,27,,,291,344,164,273,,,,,11,4,11,1,,2,,0,06,59,51,60,43
File,"test/java/org/apache/commons/csv/CSVRecordTest.java",test/java/org/apache/commons/csv/CSVRecordTest.java,1,1,1,0,6,0,6,0,,,,2,0,0,,19,21,5,21,,0,1,0,20,,194,27,148,70,68,19,,,85,109,53,67,,,,,2,2,2,1,,1,,0,13,21,21,21,19
File,"test/java/org/apache/commons/csv/ExtendedBufferedReaderTest.java",test/java/org/apache/commons/csv/ExtendedBufferedReaderTest.java,1,1,1,1,28,2,25,1,,,,1,0,0,,6,6,0,6,,0,1,0,5,,217,28,160,31,129,33,,,138,148,29,123,,,,,4,4,4,1,,1,,0,21,9,9,9,6
File,"test/java/org/apache/commons/csv/FercGovTest.java",test/java/org/apache/commons/csv/FercGovTest.java,0,0,0,0,11,0,9,1,,,,2,0,1,,2,4,32,4,,0,0,0,4,,89,7,58,30,32,24,,,35,40,20,29,,,,,1,1,1,1,,1,,0,41,2,2,2,2
File,"test/java/org/apache/commons/csv/LexerTest.java",test/java/org/apache/commons/csv/LexerTest.java,1,1,1,1,11,0,10,1,,,,1,0,0,,28,28,1,28,,0,1,0,27,,396,44,304,123,196,79,,,186,215,93,153,,,,,1,1,1,1,,0,,0,26,28,28,28,28
File,"test/java/org/apache/commons/csv/PerformanceTest.java",test/java/org/apache/commons/csv/PerformanceTest.java,4,4,4,1,16,0,16,0,,,,2,11,6,,12,1,2,12,,1,10,0,1,,294,27,234,77,162,47,,,140,189,76,132,,,,,15,15,15,8,,4,,0,20,53,49,53,19
File,"test/java/org/apache/commons/csv/TokenMatchers.java",test/java/org/apache/commons/csv/TokenMatchers.java,1,1,1,1,8,0,7,0,,,,4,4,0,,10,6,0,10,,0,0,3,7,,86,14,53,10,32,19,,,22,33,16,17,,,,,1,1,1,1,,0,,0,36,10,10,10,10
File,"test/java/org/apache/commons/csv/TokenMatchersTest.java",test/java/org/apache/commons/csv/TokenMatchersTest.java,1,1,1,1,6,0,6,0,,,,1,0,0,,5,5,1,5,,0,0,0,5,,70,10,44,21,17,16,,,27,33,16,17,,,,,1,1,1,1,,0,,0,36,5,5,5,5
File,"test/java/org/apache/commons/csv/Utils.java",test/java/org/apache/commons/csv/Utils.java,1,1,1,1,7,0,4,3,,,,1,1,0,,2,1,0,2,,0,1,0,1,,48,6,13,6,3,29,,,7,11,7,4,,,,,2,2,2,1,,1,,2,23,3,3,3,2
File,"test/java/org/apache/commons/csv/perf/PerformanceTest.java",test/java/org/apache/commons/csv/perf/PerformanceTest.java,1,1,1,1,9,0,9,0,,,,1,1,1,,8,7,1,8,,0,4,0,4,,132,14,94,46,47,25,,,59,78,46,42,,,,,4,4,4,1,,3,,0,27,15,15,15,8
